image_url,image_name,phone_rating,phone_num_ratings,phone_num_reviews,cost_without_discount,cost_with_discount
https://rukminim2.flixcart.com/image/312/312/xif0q/mobile/h/d/9/-original-imagtc2qzgnnuhxh.jpeg?q=70,"Apple iPhone 15 (Black, 128 GB)",4.6,"2,07,248 Ratings","7,221 Reviews","₹69,900","₹58,999"
https://rukminim2.flixcart.com/image/312/312/xif0q/mobile/j/z/3/-original-imagtc5fqyz8tu4c.jpeg?q=70,"Apple iPhone 15 (Green, 128 GB)",4.6,"2,07,248 Ratings","7,221 Reviews","₹69,900","₹58,999"
https://rukminim2.flixcart.com/image/312/312/xif0q/mobile/u/6/r/-original-imahfk4xenbzxwrh.jpeg?q=70,"REDMI 13C (Starshine Green, 128 GB)",4.3,"67,628 Ratings","2,919 Reviews","₹11,999","₹7,199"
https://rukminim2.flixcart.com/image/312/312/xif0q/mobile/a/c/k/-original-imagtc5fuzkvczr7.jpeg?q=70,"Apple iPhone 15 (Pink, 128 GB)",4.6,"2,07,248 Ratings","7,221 Reviews","₹69,900","₹58,999"
https://rukminim2.flixcart.com/image/312/312/xif0q/mobile/k/l/l/-original-imagtc5fz9spysyk.jpeg?q=70,"Apple iPhone 15 (Blue, 128 GB)",4.6,"2,07,248 Ratings","7,221 Reviews","₹69,900","₹58,999"
https://rukminim2.flixcart.com/image/312/312/xif0q/mobile/t/f/a/-original-imahfk4xp4xcggyt.jpeg?q=70,"REDMI 13C (Starfrost White, 128 GB)",4.3,"67,628 Ratings","2,919 Reviews","₹11,999","₹7,199"
https://rukminim2.flixcart.com/image/312/312/xif0q/mobile/k/l/l/-original-imagtc5fz9spysyk.jpeg?q=70,"Apple iPhone 15 Plus (Blue, 128 GB)",4.6,"31,733 Ratings","1,756 Reviews","₹79,900","₹67,999"
https://rukminim2.flixcart.com/image/312/312/xif0q/mobile/a/i/2/-original-imah4gzvrgwnayrb.jpeg?q=70,"POCO M6 5G (Orion Blue, 64 GB)",4.2,"93,135 Ratings","4,428 Reviews","₹11,999","₹7,999"
https://rukminim2.flixcart.com/image/312/312/xif0q/mobile/a/c/k/-original-imagtc5fuzkvczr7.jpeg?q=70,"Apple iPhone 15 Plus (Pink, 128 GB)",4.6,"31,733 Ratings","1,756 Reviews","₹79,900","₹67,999"
https://rukminim2.flixcart.com/image/312/312/xif0q/mobile/b/y/x/-original-imah3xk8crpgrg9y.jpeg?q=70,"Motorola g45 5G (Brilliant Green, 128 GB)",4.4,"52,118 Ratings","2,296 Reviews","₹14,999","₹12,999"
https://rukminim2.flixcart.com/image/312/312/xif0q/mobile/y/2/o/-original-imah4sss2hjckcdk.jpeg?q=70,"SAMSUNG Galaxy A14 5G (Black, 128 GB)",4.2,"46,736 Ratings","2,116 Reviews","₹20,999","₹10,999"
https://rukminim2.flixcart.com/image/312/312/xif0q/mobile/i/p/l/-original-imah2fjcxjdjykpc.jpeg?q=70,"Motorola G85 5G (Cobalt Blue, 128 GB)",4.5,"91,646 Ratings","4,415 Reviews","₹20,999","₹17,999"
https://rukminim2.flixcart.com/image/312/312/xif0q/mobile/h/d/9/-original-imagtc2qzgnnuhxh.jpeg?q=70,"Apple iPhone 15 Plus (Black, 128 GB)",4.6,"31,733 Ratings","1,756 Reviews","₹79,900","₹67,999"
https://rukminim2.flixcart.com/image/312/312/xif0q/mobile/i/k/k/c65-mzb0g8rin-poco-original-imagw6gyhhu7hur5.jpeg?q=70,"POCO C65 (Matte Black, 128 GB)",4.3,"84,193 Ratings","4,200 Reviews","₹10,999","₹6,999"
https://rukminim2.flixcart.com/image/312/312/xif0q/mobile/h/i/r/t3-lite-5g-v2356-vivo-original-imah27wmfgkergtx.jpeg?q=70,"vivo T3 Lite 5G (Vibrant Green, 128 GB)",4.4,"52,577 Ratings","1,718 Reviews","₹15,499","₹11,499"
https://rukminim2.flixcart.com/image/312/312/xif0q/mobile/n/l/3/-original-imah27wvna2g9hfc.jpeg?q=70,"vivo T3 Lite 5G (Majestic Black, 128 GB)",4.4,"52,577 Ratings","1,718 Reviews","₹15,499","₹11,499"
https://rukminim2.flixcart.com/image/312/312/xif0q/mobile/2/y/c/-original-imah4sssdf9pgz3e.jpeg?q=70,"SAMSUNG Galaxy A14 5G (Dark Red, 128 GB)",4.2,"46,736 Ratings","2,116 Reviews","₹20,999","₹10,999"
https://rukminim2.flixcart.com/image/312/312/xif0q/mobile/n/l/3/-original-imah27wvna2g9hfc.jpeg?q=70,"vivo T3 Lite 5G (Majestic Black, 128 GB)",4.4,"36,245 Ratings","1,168 Reviews","₹14,499","₹10,499"
https://rukminim2.flixcart.com/image/312/312/xif0q/mobile/h/i/r/t3-lite-5g-v2356-vivo-original-imah27wmfgkergtx.jpeg?q=70,"vivo T3 Lite 5G (Vibrant Green, 128 GB)",4.4,"36,245 Ratings","1,168 Reviews","₹14,499","₹10,499"
https://rukminim2.flixcart.com/image/312/312/xif0q/mobile/v/e/a/-original-imahfk4xuk7ntphs.jpeg?q=70,"REDMI 13C (Stardust Black, 128 GB)",4.3,"67,628 Ratings","2,919 Reviews","₹11,999","₹7,199"
https://rukminim2.flixcart.com/image/312/312/xif0q/mobile/u/5/f/-original-imagwu9fyya8h6mg.jpeg?q=70,"REDMI Note 13 Pro+ 5G (Fusion Purple, 256 GB)",4.3,"11,380 Ratings","1,118 Reviews","₹33,999","₹23,267"
https://rukminim2.flixcart.com/image/312/312/xif0q/mobile/5/t/j/edge-50-fusion-pb300002in-motorola-original-imahywzrfagkuyxx.jpeg?q=70,"Motorola Edge 50 Fusion (Marshmallow Blue, 256 GB)",4.5,"77,370 Ratings","5,149 Reviews","₹27,999","₹24,999"
https://rukminim2.flixcart.com/image/312/312/xif0q/mobile/e/e/g/-original-imah4sssfvvahchb.jpeg?q=70,"SAMSUNG Galaxy A14 5G (Light Green, 128 GB)",4.2,"46,736 Ratings","2,116 Reviews","₹20,999","₹10,999"
https://rukminim2.flixcart.com/image/312/312/xif0q/mobile/b/y/x/-original-imah3xk8crpgrg9y.jpeg?q=70,"Motorola g45 5G (Brilliant Green, 128 GB)",4.3,"10,686 Ratings",647 Reviews,"₹12,999","₹10,999"
https://rukminim2.flixcart.com/image/312/312/xif0q/mobile/b/y/x/-original-imah3xk8crpgrg9y.jpeg?q=70,"Motorola g45 5G (Brilliant Green, 128 GB)",4.3,"10,686 Ratings",647 Reviews,"₹12,999","₹10,999"
https://rukminim2.flixcart.com/image/312/312/xif0q/mobile/w/3/4/-original-imahyytukhkky5ew.jpeg?q=70,"vivo T3x 5G (Crimson Bliss, 128 GB)",4.5,"95,054 Ratings","3,492 Reviews","₹18,999","₹14,499"
https://rukminim2.flixcart.com/image/312/312/xif0q/mobile/p/r/b/nord-ce-3-lite-5g-ce2099-oneplus-original-imagzj42cctpjjze.jpeg?q=70,"OnePlus Nord CE 3 Lite 5G (Chromatic Gray, 128 GB)",4.4,"1,32,567 Ratings","6,785 Reviews","₹19,999","₹15,099"
https://rukminim2.flixcart.com/image/312/312/xif0q/mobile/d/x/c/13c-5g-redmi-13c-5g-redmi-original-imagw6s7x86zhqj6.jpeg?q=70,"REDMI 13c 5G (Startrail Green, 256 GB)",4.2,"6,932 Ratings",346 Reviews,"₹17,999","₹13,290"
https://rukminim2.flixcart.com/image/312/312/xif0q/mobile/k/g/j/t3x-5g-v2338-vivo-original-imahyyzaqhgwzfup.jpeg?q=70,"vivo T3x 5G (Celestial Green, 128 GB)",4.5,"35,589 Ratings","1,316 Reviews","₹17,499","₹12,999"
https://rukminim2.flixcart.com/image/312/312/xif0q/mobile/w/3/4/-original-imahyytukhkky5ew.jpeg?q=70,"vivo T3x 5G (Crimson Bliss, 128 GB)",4.5,"35,589 Ratings","1,316 Reviews","₹17,499","₹12,999"
https://rukminim2.flixcart.com/image/312/312/xif0q/mobile/5/u/e/13c-5g-redmi-13c-5g-redmi-original-imagw6s7qmkhz8ed.jpeg?q=70,"REDMI 13c 5G (Startrail Silver, 128 GB)",4.2,"18,235 Ratings",772 Reviews,"₹15,999","₹9,981"
https://rukminim2.flixcart.com/image/312/312/xif0q/mobile/e/v/t/13c-5g-redmi-13c-5g-redmi-original-imagw6s7zfhb4syx.jpeg?q=70,"REDMI 13c 5G (Starlight Black, 128 GB)",4.2,"18,235 Ratings",772 Reviews,"₹15,999","₹9,759"
https://rukminim2.flixcart.com/image/312/312/xif0q/mobile/v/f/l/-original-imagzcfj9vhf5dyq.jpeg?q=70,"POCO C61 (Ethereal Blue, 64 GB)",4.1,"43,405 Ratings","1,538 Reviews","₹8,999","₹6,299"
https://rukminim2.flixcart.com/image/312/312/xif0q/mobile/a/o/z/nord-ce-3-lite-5g-ce2099-oneplus-original-imagzj3wqxzgquah.jpeg?q=70,"OnePlus Nord CE 3 Lite 5G (Pastel Lime, 256 GB)",4.4,"1,32,567 Ratings","6,785 Reviews","₹21,999","₹20,498"
https://rukminim2.flixcart.com/image/312/312/xif0q/mobile/j/z/3/-original-imagtc5fqyz8tu4c.jpeg?q=70,"Apple iPhone 15 Plus (Green, 128 GB)",4.6,"31,733 Ratings","1,756 Reviews","₹79,900","₹67,999"
https://rukminim2.flixcart.com/image/312/312/xif0q/mobile/g/p/d/nord-ce-3-lite-5g-cph2467-oneplus-original-imah4ehbgmz4qzhz.jpeg?q=70,"OnePlus Nord CE 3 Lite 5G (Pastel Lime, 128 GB)",4.4,"1,32,567 Ratings","6,785 Reviews","₹19,999","₹15,238"
https://rukminim2.flixcart.com/image/312/312/xif0q/mobile/t/w/0/-original-imah4gzvykvn3hbh.jpeg?q=70,"POCO M6 5G (Galactic Black, 64 GB)",4.2,"93,135 Ratings","4,428 Reviews","₹11,999","₹7,999"
https://rukminim2.flixcart.com/image/312/312/xif0q/mobile/k/g/r/-original-imagzcfjsdxtrnnz.jpeg?q=70,"POCO C61 (Mystical Green, 64 GB)",4.1,"43,405 Ratings","1,538 Reviews","₹8,999","₹6,299"
https://rukminim2.flixcart.com/image/312/312/xif0q/mobile/k/g/j/t3x-5g-v2338-vivo-original-imahyyzaqhgwzfup.jpeg?q=70,"vivo T3x 5G (Celestial Green, 128 GB)",4.5,"95,054 Ratings","3,492 Reviews","₹18,999","₹14,499"
https://rukminim2.flixcart.com/image/312/312/xif0q/mobile/d/x/1/-original-imah4kxes2ktzf9f.jpeg?q=70,"vivo T3x 5G (Sapphire Blue, 128 GB)",4.5,"95,054 Ratings","3,492 Reviews","₹18,999","₹14,499"
https://rukminim2.flixcart.com/image/312/312/xif0q/mobile/d/x/1/-original-imah4kxes2ktzf9f.jpeg?q=70,"vivo T3x 5G (Sapphire Blue, 128 GB)",4.5,"35,589 Ratings","1,316 Reviews","₹17,499","₹12,999"
https://rukminim2.flixcart.com/image/312/312/xif0q/mobile/9/3/6/-original-imah3xk8u8dgteq3.jpeg?q=70,"Motorola g45 5G (Viva Magenta, 128 GB)",4.4,"52,118 Ratings","2,296 Reviews","₹14,999","₹12,999"
https://rukminim2.flixcart.com/image/312/312/xif0q/mobile/r/l/c/-original-imah3xk892aj9gck.jpeg?q=70,"Motorola g45 5G (Brilliant Blue, 128 GB)",4.4,"52,118 Ratings","2,296 Reviews","₹14,999","₹12,999"
https://rukminim2.flixcart.com/image/312/312/xif0q/mobile/i/k/l/edge-50-fusion-pb300001in-motorola-original-imahywzpfd2jh9ep.jpeg?q=70,"Motorola Edge 50 Fusion (Hot Pink, 128 GB)",4.5,"75,214 Ratings","4,706 Reviews","₹25,999","₹22,999"
https://rukminim2.flixcart.com/image/312/312/xif0q/mobile/2/y/c/-original-imah4sssdf9pgz3e.jpeg?q=70,"SAMSUNG Galaxy A14 5G (Dark Red, 128 GB)",4.2,"29,309 Ratings","1,288 Reviews","₹15,499","₹9,999"
https://rukminim2.flixcart.com/image/312/312/xif0q/mobile/r/l/c/-original-imah3xk892aj9gck.jpeg?q=70,"Motorola g45 5G (Brilliant Blue, 128 GB)",4.3,"10,686 Ratings",647 Reviews,"₹12,999","₹10,999"
https://rukminim2.flixcart.com/image/312/312/xif0q/mobile/e/e/g/-original-imah4sssfvvahchb.jpeg?q=70,"SAMSUNG Galaxy A14 5G (Light Green, 128 GB)",4.2,"29,309 Ratings","1,288 Reviews","₹15,499","₹9,999"
https://rukminim2.flixcart.com/image/312/312/xif0q/mobile/d/x/1/-original-imah4kxes2ktzf9f.jpeg?q=70,"vivo T3x 5G (Sapphire Blue, 128 GB)",4.4,"20,982 Ratings","1,077 Reviews","₹20,499","₹15,999"
https://rukminim2.flixcart.com/image/312/312/xif0q/mobile/y/2/o/-original-imah4sss2hjckcdk.jpeg?q=70,"SAMSUNG Galaxy A14 5G (Black, 128 GB)",4.2,"29,309 Ratings","1,288 Reviews","₹15,499","₹9,999"
https://rukminim2.flixcart.com/image/312/312/xif0q/mobile/w/3/4/-original-imahyytukhkky5ew.jpeg?q=70,"vivo T3x 5G (Crimson Bliss, 128 GB)",4.4,"20,982 Ratings","1,077 Reviews","₹20,499","₹15,999"
https://rukminim2.flixcart.com/image/312/312/xif0q/mobile/n/b/s/g64-5g-pb2e0005in-motorola-original-imagzzd5zagkg9gu.jpeg?q=70,"Motorola g64 5G (Mint Green, 256 GB)",4.2,"48,236 Ratings","2,923 Reviews","₹19,999","₹16,999"
https://rukminim2.flixcart.com/image/312/312/xif0q/mobile/2/y/c/-original-imah4sssdf9pgz3e.jpeg?q=70,"SAMSUNG Galaxy A14 5G (Dark Red, 64 GB)",4.2,"29,309 Ratings","1,288 Reviews","₹18,499","₹8,999"
https://rukminim2.flixcart.com/image/312/312/xif0q/mobile/d/k/i/-original-imah39xxhwwey8hr.jpeg?q=70,"Nothing Phone (2a) Plus (Black, 256 GB)",4.4,"2,666 Ratings",178 Reviews,"₹31,999","₹25,999"
https://rukminim2.flixcart.com/image/312/312/xif0q/mobile/i/k/l/edge-50-fusion-pb300001in-motorola-original-imahywzpfd2jh9ep.jpeg?q=70,"Motorola Edge 50 Fusion (Hot Pink, 256 GB)",4.5,"77,370 Ratings","5,149 Reviews","₹27,999","₹24,999"
https://rukminim2.flixcart.com/image/312/312/xif0q/mobile/n/l/u/-original-imah2fjd7wfd9ksh.jpeg?q=70,"Motorola G85 5G (Olive Green, 128 GB)",4.5,"91,646 Ratings","4,415 Reviews","₹20,999","₹17,999"
https://rukminim2.flixcart.com/image/312/312/xif0q/mobile/k/g/j/t3x-5g-v2338-vivo-original-imahyyzaqhgwzfup.jpeg?q=70,"vivo T3x 5G (Celestial Green, 128 GB)",4.4,"20,982 Ratings","1,077 Reviews","₹20,499","₹15,999"
https://rukminim2.flixcart.com/image/312/312/xif0q/mobile/i/k/k/c65-mzb0g8rin-poco-original-imagw6gyhhu7hur5.jpeg?q=70,"POCO C65 (Matte Black, 128 GB)",4.2,"26,345 Ratings","1,270 Reviews","₹11,999","₹7,999"
https://rukminim2.flixcart.com/image/312/312/xif0q/mobile/5/u/e/13c-5g-redmi-13c-5g-redmi-original-imagw6s7qmkhz8ed.jpeg?q=70,"REDMI 13c 5G (Startrail Silver, 256 GB)",4.2,"6,932 Ratings",346 Reviews,"₹17,999","₹13,495"
https://rukminim2.flixcart.com/image/312/312/xif0q/mobile/j/b/2/phone-2a-plus-a142p-nothing-original-imah39xqpuzgsgcj.jpeg?q=70,"Nothing Phone (2a) Plus (Grey, 256 GB)",4.4,"2,666 Ratings",178 Reviews,"₹31,999","₹25,999"
https://rukminim2.flixcart.com/image/312/312/xif0q/mobile/d/k/i/-original-imah39xxhwwey8hr.jpeg?q=70,"Nothing Phone (2a) Plus (Black, 256 GB)",4.4,"4,507 Ratings",302 Reviews,"₹29,999","₹23,999"
https://rukminim2.flixcart.com/image/312/312/xif0q/mobile/v/m/t/-original-imah4vajdzvhhpkd.jpeg?q=70,"realme 12x 5G (Coral Red, 128 GB)",4.5,"33,196 Ratings","1,078 Reviews","₹18,999","₹13,499"
https://rukminim2.flixcart.com/image/312/312/xif0q/mobile/6/t/4/-original-imah3chxfkqxyzm3.jpeg?q=70,"realme 12x 5G (Woodland Green, 128 GB)",4.5,"33,196 Ratings","1,078 Reviews","₹18,999","₹13,499"
https://rukminim2.flixcart.com/image/312/312/xif0q/mobile/g/i/n/-original-imagzhspjy5g8nh3.jpeg?q=70,"Motorola Edge 50 Pro 5G with 125W Charger (Luxe Lavender, 256 GB)",4.4,"38,286 Ratings","2,413 Reviews","₹41,999","₹35,999"
https://rukminim2.flixcart.com/image/312/312/xif0q/mobile/b/m/g/-original-imagxaqtqng2hpxn.jpeg?q=70,"REDMI 12 5G (Jade Black, 128 GB)",4.2,"58,955 Ratings","2,820 Reviews","₹17,999","₹11,499"
https://rukminim2.flixcart.com/image/312/312/xif0q/mobile/s/2/n/-original-imah4hfzgzghq5up.jpeg?q=70,"POCO M6 5G (Orion Blue, 128 GB)",4.3,"40,161 Ratings","2,076 Reviews","₹13,999","₹9,749"
https://rukminim2.flixcart.com/image/312/312/xif0q/mobile/e/e/g/-original-imah4sssfvvahchb.jpeg?q=70,"SAMSUNG Galaxy A14 5G (Light Green, 64 GB)",4.2,"29,309 Ratings","1,288 Reviews","₹18,499","₹8,999"
https://rukminim2.flixcart.com/image/312/312/xif0q/mobile/v/v/3/-original-imah3fbcx9y9pyqq.jpeg?q=70,"Infinix Note 40X 5G (Starlit Black, 256 GB)",4.3,"10,928 Ratings",651 Reviews,"₹21,999","₹14,499"
https://rukminim2.flixcart.com/image/312/312/xif0q/mobile/j/b/2/phone-2a-plus-a142p-nothing-original-imah39xqpuzgsgcj.jpeg?q=70,"Nothing Phone (2a) Plus (Grey, 256 GB)",4.4,"4,507 Ratings",302 Reviews,"₹29,999","₹23,999"
https://rukminim2.flixcart.com/image/312/312/xif0q/mobile/e/o/w/-original-imagzcfjjbheykct.jpeg?q=70,"POCO C61 (Diamond Dust Black, 64 GB)",4.1,"43,405 Ratings","1,538 Reviews","₹8,999","₹6,299"
https://rukminim2.flixcart.com/image/312/312/xif0q/mobile/s/0/8/c61-rmx3933-realme-original-imah28xewujvt9zc.jpeg?q=70,"realme C61 (Safari Green, 128 GB)",4.3,"2,786 Ratings",93 Reviews,"₹9,999","₹8,990"
https://rukminim2.flixcart.com/image/312/312/xif0q/mobile/6/t/4/-original-imah3chxfkqxyzm3.jpeg?q=70,"realme 12x 5G (Woodland Green, 128 GB)",4.4,"83,321 Ratings","3,853 Reviews","₹17,999","₹12,499"
https://rukminim2.flixcart.com/image/312/312/xif0q/mobile/w/c/3/-original-imah3chxfqnezjjb.jpeg?q=70,"realme 12x 5G (Twilight Purple, 128 GB)",4.4,"83,321 Ratings","3,853 Reviews","₹17,999","₹12,499"
https://rukminim2.flixcart.com/image/312/312/xif0q/mobile/e/r/f/-original-imah56hkgehywn5b.jpeg?q=70,"SAMSUNG Galaxy F05 (Twilight Blue, 64 GB)",4.2,"13,345 Ratings",662 Reviews,"₹9,999","₹7,999"
https://rukminim2.flixcart.com/image/312/312/xif0q/mobile/b/u/8/c65-mzb0g8nin-poco-original-imagw6j2kp5t5jek.jpeg?q=70,"POCO C65 (Pastel Blue, 128 GB)",4.3,"84,193 Ratings","4,200 Reviews","₹10,999","₹6,999"
https://rukminim2.flixcart.com/image/312/312/xif0q/mobile/g/i/6/-original-imah4k2sjmjj8qqj.jpeg?q=70,"Motorola g64 5G (Berry Red, 256 GB)",4.2,"48,236 Ratings","2,923 Reviews","₹19,999","₹16,999"
https://rukminim2.flixcart.com/image/312/312/xif0q/mobile/y/2/o/-original-imah4sss2hjckcdk.jpeg?q=70,"SAMSUNG Galaxy A14 5G (Black, 64 GB)",4.2,"29,309 Ratings","1,288 Reviews","₹18,499","₹8,999"
https://rukminim2.flixcart.com/image/312/312/xif0q/mobile/g/1/p/-original-imagy2v5kfnq97xn.jpeg?q=70,"POCO C65 (Pastel Green, 128 GB)",4.3,"84,193 Ratings","4,200 Reviews","₹10,999","₹6,999"
https://rukminim2.flixcart.com/image/312/312/xif0q/mobile/c/q/b/g64-5g-pb2e0006in-motorola-original-imagzzd4nmrgsevr.jpeg?q=70,"Motorola g64 5G (Pearl Blue, 256 GB)",4.2,"48,236 Ratings","2,923 Reviews","₹19,999","₹16,999"
https://rukminim2.flixcart.com/image/312/312/xif0q/mobile/2/r/x/-original-imah4qt8r3fhczeh.jpeg?q=70,"Motorola G85 5G (Viva Magenta, 256 GB)",4.4,"32,636 Ratings","1,604 Reviews","₹22,999","₹19,999"
https://rukminim2.flixcart.com/image/312/312/xif0q/mobile/e/i/v/-original-imagzhspm6zvfaeh.jpeg?q=70,"Motorola Edge 50 Pro 5G with 125W Charger (Black Beauty, 256 GB)",4.4,"38,286 Ratings","2,413 Reviews","₹41,999","₹35,999"
https://rukminim2.flixcart.com/image/312/312/xif0q/mobile/b/4/f/note-40x-5g-x6838-infinix-original-imah3fb6j7npkjtt.jpeg?q=70,"Infinix Note 40X 5G (Lime Green, 256 GB)",4.3,"10,928 Ratings",651 Reviews,"₹21,999","₹14,499"
https://rukminim2.flixcart.com/image/312/312/xif0q/mobile/j/e/d/c61-rmx3933-realme-original-imah28xeqdygzshc.jpeg?q=70,"realme C61 (Safari Green, 128 GB)",4.4,"5,568 Ratings",142 Reviews,"₹10,999","₹8,999"
https://rukminim2.flixcart.com/image/312/312/xif0q/mobile/z/u/9/-original-imah3ajcxshpd2t2.jpeg?q=70,"CMF by Nothing Phone 1 (Blue, 128 GB)",4.4,"44,232 Ratings","3,029 Reviews","₹19,999","₹14,999"
https://rukminim2.flixcart.com/image/312/312/xif0q/mobile/k/e/i/-original-imah3ajbzmxyjswb.jpeg?q=70,"CMF by Nothing Phone 1 (Orange, 128 GB)",4.4,"44,232 Ratings","3,029 Reviews","₹19,999","₹14,999"
https://rukminim2.flixcart.com/image/312/312/xif0q/mobile/7/d/g/smart-8-plus-x6526-infinix-original-imagyjm9mbwfhsyq.jpeg?q=70,"Infinix Smart 8 Plus (Galaxy White, 128 GB)",4.3,"9,767 Ratings",593 Reviews,"₹9,999","₹7,799"
https://rukminim2.flixcart.com/image/312/312/xif0q/mobile/b/y/g/-original-imah4qtgjtzprg3g.jpeg?q=70,"Motorola G85 5G (Viva Magenta, 128 GB)",4.5,"91,646 Ratings","4,415 Reviews","₹20,999","₹17,999"
https://rukminim2.flixcart.com/image/312/312/xif0q/mobile/z/2/v/m05-sm-m055f-samsung-original-imah4z9v2qp2tpgw.jpeg?q=70,"SAMSUNG M05 (Mint Green, 64 GB)",4,161 Ratings,8 Reviews,"₹9,999","₹7,345"
https://rukminim2.flixcart.com/image/312/312/xif0q/mobile/t/w/0/-original-imah4gzvykvn3hbh.jpeg?q=70,"POCO M6 5G (Galactic Black, 128 GB)",4.3,"40,161 Ratings","2,076 Reviews","₹13,999","₹9,749"
https://rukminim2.flixcart.com/image/312/312/xif0q/mobile/m/e/3/-original-imah37gwn2xbvzhy.jpeg?q=70,"OPPO K12x 5G with 45W SUPERVOOC Charger In-The-Box (Breeze Blue, 128 GB)",4.5,"92,678 Ratings","2,958 Reviews","₹16,999","₹12,999"
https://rukminim2.flixcart.com/image/312/312/xif0q/mobile/s/m/0/-original-imah37gw2wv2ayrf.jpeg?q=70,"OPPO K12x 5G with 45W SUPERVOOC Charger In-The-Box (Midnight Violet, 128 GB)",4.5,"92,678 Ratings","2,958 Reviews","₹16,999","₹12,999"
https://rukminim2.flixcart.com/image/312/312/xif0q/mobile/j/o/z/-original-imah4qke9gf7jhfg.jpeg?q=70,"OPPO K12x 5G with 45W SUPERVOOC Charger In-The-Box (Feather Pink, 128 GB)",4.5,"92,678 Ratings","2,958 Reviews","₹16,999","₹12,999"
https://rukminim2.flixcart.com/image/312/312/xif0q/mobile/z/w/w/-original-imah4zp8pf2uehv4.jpeg?q=70,"SAMSUNG Galaxy S24+ 5G (Onyx Black, 256 GB)",4.5,"2,775 Ratings",188 Reviews,"₹99,999","₹64,999"
https://rukminim2.flixcart.com/image/312/312/xif0q/mobile/p/8/i/-original-imagwu89u7fgsq4b.jpeg?q=70,"REDMI Note 13 Pro 5G (Arctic White, 256 GB)",4.3,"6,520 Ratings",474 Reviews,"₹32,999","₹21,084"
https://rukminim2.flixcart.com/image/312/312/xif0q/mobile/q/p/x/-original-imahf38d4cwmuqep.jpeg?q=70,"Infinix GT 20 Pro (Mecha Blue, 256 GB)",4.3,"5,367 Ratings",373 Reviews,"₹34,999","₹24,999"
https://rukminim2.flixcart.com/image/312/312/xif0q/mobile/5/u/e/13c-5g-redmi-13c-5g-redmi-original-imagw6s7qmkhz8ed.jpeg?q=70,"REDMI 13c 5G (Startrail Silver, 128 GB)",4.3,"29,641 Ratings","1,137 Reviews","₹13,999","₹9,298"
https://rukminim2.flixcart.com/image/312/312/xif0q/mobile/d/x/c/13c-5g-redmi-13c-5g-redmi-original-imagw6s7x86zhqj6.jpeg?q=70,"REDMI 13c 5G (Startrail Green, 128 GB)",4.2,"18,235 Ratings",772 Reviews,"₹15,999","₹9,791"
https://rukminim2.flixcart.com/image/312/312/xif0q/mobile/e/v/t/13c-5g-redmi-13c-5g-redmi-original-imagw6s7zfhb4syx.jpeg?q=70,"REDMI 13c 5G (Starlight Black, 128 GB)",4.3,"29,641 Ratings","1,137 Reviews","₹13,999","₹9,298"
https://rukminim2.flixcart.com/image/312/312/xif0q/mobile/d/x/c/13c-5g-redmi-13c-5g-redmi-original-imagw6s7x86zhqj6.jpeg?q=70,"REDMI 13c 5G (Startrail Green, 128 GB)",4.3,"29,641 Ratings","1,137 Reviews","₹13,999","₹9,265"
https://rukminim2.flixcart.com/image/312/312/xif0q/mobile/n/j/t/galaxy-m35-5g-sm-m356b-samsung-original-imah3fgfmnamdg3m.jpeg?q=70,"SAMSUNG Galaxy M35 5G (DayBreak Blue, 128 GB)",4.4,"2,323 Ratings",138 Reviews,"₹24,499","₹16,276"
https://rukminim2.flixcart.com/image/312/312/xif0q/mobile/a/o/2/-original-imah3ajbyffs6hee.jpeg?q=70,"CMF by Nothing Phone 1 (Light Green, 128 GB)",4.4,"13,423 Ratings",855 Reviews,"₹21,999","₹16,999"
https://rukminim2.flixcart.com/image/312/312/xif0q/mobile/a/o/2/-original-imah3ajbyffs6hee.jpeg?q=70,"CMF by Nothing Phone 1 (Light Green, 128 GB)",4.4,"44,232 Ratings","3,029 Reviews","₹19,999","₹14,999"
https://rukminim2.flixcart.com/image/312/312/xif0q/mobile/1/n/a/-original-imahf38d9qynp6ef.jpeg?q=70,"Infinix GT 20 Pro (Mecha Orange, 256 GB)",4.3,"9,066 Ratings",737 Reviews,"₹31,999","₹22,999"
https://rukminim2.flixcart.com/image/312/312/xif0q/mobile/z/u/9/-original-imah3ajcxshpd2t2.jpeg?q=70,"CMF by Nothing Phone 1 (Blue, 128 GB)",4.4,"13,423 Ratings",855 Reviews,"₹21,999","₹16,999"
https://rukminim2.flixcart.com/image/312/312/xif0q/mobile/h/l/d/-original-imah3ajbqw7y7yhg.jpeg?q=70,"CMF by Nothing Phone 1 (Black, 128 GB)",4.4,"13,423 Ratings",855 Reviews,"₹21,999","₹16,999"
https://rukminim2.flixcart.com/image/312/312/xif0q/mobile/h/l/d/-original-imah3ajbqw7y7yhg.jpeg?q=70,"CMF by Nothing Phone 1 (Black, 128 GB)",4.4,"44,232 Ratings","3,029 Reviews","₹19,999","₹14,999"
https://rukminim2.flixcart.com/image/312/312/xif0q/mobile/g/g/c/-original-imah3g32gf2wkdes.jpeg?q=70,"Infinix Note 40X 5G (Palm Blue, 256 GB)",4.3,"10,928 Ratings",651 Reviews,"₹21,999","₹14,499"
https://rukminim2.flixcart.com/image/312/312/xif0q/mobile/x/v/z/-original-imah28xpzzwz4fwg.jpeg?q=70,"realme C61 (Marble Black, 128 GB)",4.4,"5,568 Ratings",142 Reviews,"₹10,999","₹8,999"
https://rukminim2.flixcart.com/image/312/312/xif0q/mobile/5/t/j/edge-50-fusion-pb300002in-motorola-original-imahywzrfagkuyxx.jpeg?q=70,"Motorola Edge 50 Fusion (Marshmallow Blue, 128 GB)",4.5,"75,214 Ratings","4,706 Reviews","₹25,999","₹22,999"
https://rukminim2.flixcart.com/image/312/312/xif0q/mobile/g/d/1/-original-imagz6tzjgggzygu.jpeg?q=70,"vivo T3 5G (Cosmic Blue, 256 GB)",4.4,"76,114 Ratings","5,002 Reviews","₹24,999","₹20,499"
https://rukminim2.flixcart.com/image/312/312/xif0q/mobile/m/e/3/-original-imah37gwn2xbvzhy.jpeg?q=70,"OPPO K12x 5G with 45W SUPERVOOC Charger In-The-Box (Breeze Blue, 256 GB)",4.5,"12,463 Ratings",490 Reviews,"₹18,999","₹15,999"
https://rukminim2.flixcart.com/image/312/312/xif0q/mobile/s/m/0/-original-imah37gw2wv2ayrf.jpeg?q=70,"OPPO K12x 5G with 45W SUPERVOOC Charger In-The-Box (Midnight Violet, 256 GB)",4.5,"12,463 Ratings",490 Reviews,"₹18,999","₹15,999"
https://rukminim2.flixcart.com/image/312/312/xif0q/mobile/x/v/z/-original-imah28xpzzwz4fwg.jpeg?q=70,"realme C61 (Marble Black, 64 GB)",4.3,"2,786 Ratings",93 Reviews,"₹8,999","₹7,699"
https://rukminim2.flixcart.com/image/312/312/xif0q/mobile/j/e/d/c61-rmx3933-realme-original-imah28xeqdygzshc.jpeg?q=70,"realme C61 (Safari Green, 64 GB)",4.3,"2,786 Ratings",93 Reviews,"₹8,999","₹7,699"
https://rukminim2.flixcart.com/image/312/312/xif0q/mobile/g/d/1/-original-imagz6tzjgggzygu.jpeg?q=70,"vivo T3 5G (Cosmic Blue, 128 GB)",4.4,"76,114 Ratings","5,002 Reviews","₹22,999","₹18,499"
https://rukminim2.flixcart.com/image/312/312/xif0q/mobile/6/x/2/-original-imagz6tzewyqpgtz.jpeg?q=70,"vivo T3 5G (Crystal Flake, 128 GB)",4.4,"76,114 Ratings","5,002 Reviews","₹22,999","₹18,499"
https://rukminim2.flixcart.com/image/312/312/xif0q/mobile/b/p/0/-original-imahfsy3hwrqavwf.jpeg?q=70,"Infinix Note 40 Pro 5G (Vintage Green, 256 GB)",4.2,"26,733 Ratings","1,734 Reviews","₹27,999","₹18,999"
https://rukminim2.flixcart.com/image/312/312/xif0q/mobile/1/1/s/-original-imagwu89jy5ems28.jpeg?q=70,"REDMI Note 13 Pro 5G (Midnight Black, 256 GB)",4.3,"26,195 Ratings","2,092 Reviews","₹30,999","₹20,201"
https://rukminim2.flixcart.com/image/312/312/xif0q/mobile/4/7/c/-original-imagzrfwawrb9fzx.jpeg?q=70,"REDMI Note 13 5G (Stealth Black, 256 GB)",4.1,"4,927 Ratings",308 Reviews,"₹24,999","₹17,093"
https://rukminim2.flixcart.com/image/312/312/xif0q/mobile/e/q/0/gt-20-pro-x6871-infinix-original-imahf2dfvbtavfur.jpeg?q=70,"Infinix GT 20 Pro (Mecha Silver, 256 GB)",4.3,"5,367 Ratings",373 Reviews,"₹34,999","₹24,999"
https://rukminim2.flixcart.com/image/312/312/xif0q/mobile/q/p/x/-original-imahf38d4cwmuqep.jpeg?q=70,"Infinix GT 20 Pro (Mecha Blue, 256 GB)",4.3,"9,066 Ratings",737 Reviews,"₹31,999","₹22,999"
https://rukminim2.flixcart.com/image/312/312/xif0q/mobile/q/p/x/-original-imahf38d4cwmuqep.jpeg?q=70,"Infinix GT 20 Pro (Mecha Blue, 256 GB)",4.3,"9,066 Ratings",737 Reviews,"₹31,999","₹22,999"
https://rukminim2.flixcart.com/image/312/312/xif0q/mobile/e/q/0/gt-20-pro-x6871-infinix-original-imahf2dfvbtavfur.jpeg?q=70,"Infinix GT 20 Pro (Mecha Silver, 256 GB)",4.3,"9,066 Ratings",737 Reviews,"₹31,999","₹22,999"
https://rukminim2.flixcart.com/image/312/312/xif0q/mobile/e/q/0/gt-20-pro-x6871-infinix-original-imahf2dfvbtavfur.jpeg?q=70,"Infinix GT 20 Pro (Mecha Silver, 256 GB)",4.3,"5,367 Ratings",373 Reviews,"₹34,999","₹24,999"
https://rukminim2.flixcart.com/image/312/312/xif0q/mobile/4/7/c/-original-imagzrfwawrb9fzx.jpeg?q=70,"REDMI Note 13 5G (Stealth Black, 256 GB)",4.2,"10,104 Ratings",590 Reviews,"₹22,999","₹15,635"
https://rukminim2.flixcart.com/image/312/312/xif0q/mobile/z/q/f/-original-imah2fjd75hkcynr.jpeg?q=70,"Motorola G85 5G (Urban Grey, 256 GB)",4.4,"32,636 Ratings","1,604 Reviews","₹22,999","₹19,999"
https://rukminim2.flixcart.com/image/312/312/xif0q/mobile/6/x/2/-original-imagz6tzewyqpgtz.jpeg?q=70,"vivo T3 5G (Crystal Flake, 256 GB)",4.4,"76,114 Ratings","5,002 Reviews","₹24,999","₹20,499"
https://rukminim2.flixcart.com/image/312/312/xif0q/mobile/7/a/z/-original-imagykbj2yarenyw.jpeg?q=70,"Infinix Smart 8 Plus (Timber Black, 128 GB)",4.3,"9,767 Ratings",593 Reviews,"₹9,999","₹7,799"
https://rukminim2.flixcart.com/image/312/312/xif0q/mobile/d/5/0/-original-imagykbkmcc4fgkh.jpeg?q=70,"Infinix Smart 8 Plus (Shiny Gold, 128 GB)",4.3,"9,767 Ratings",593 Reviews,"₹9,999","₹7,799"
https://rukminim2.flixcart.com/image/312/312/xif0q/mobile/g/q/5/-original-imahfkf6jcuhhzyb.jpeg?q=70,"REDMI 13C 5G (Starlight Black, 256 GB)",4.2,"6,932 Ratings",346 Reviews,"₹17,999","₹12,999"
https://rukminim2.flixcart.com/image/312/312/xif0q/mobile/y/x/f/-original-imah4khx9u3zxdbk.jpeg?q=70,"realme P1 5G (Feather Blue, 128 GB)",4.4,"60,724 Ratings","3,470 Reviews","₹20,999","₹14,999"
https://rukminim2.flixcart.com/image/312/312/xif0q/mobile/k/e/i/-original-imah3ajbzmxyjswb.jpeg?q=70,"CMF by Nothing Phone 1 (Orange, 128 GB)",4.4,"13,423 Ratings",855 Reviews,"₹21,999","₹16,999"
https://rukminim2.flixcart.com/image/312/312/xif0q/mobile/g/w/r/edge-50-fusion-pb300000in-motorola-original-imahywzztyktktpp.jpeg?q=70,"Motorola Edge 50 Fusion (Forest Blue, 128 GB)",4.5,"75,214 Ratings","4,706 Reviews","₹25,999","₹22,999"
https://rukminim2.flixcart.com/image/312/312/xif0q/mobile/u/p/q/-original-imagzrfwgxntnmaz.jpeg?q=70,"REDMI Note 13 5G (Prism Gold, 256 GB)",4.1,"4,927 Ratings",308 Reviews,"₹24,999","₹19,189"
https://rukminim2.flixcart.com/image/312/312/xif0q/mobile/z/k/4/g04s-pb360002in-motorola-original-imahfc48wgbttfkk.jpeg?q=70,"Motorola g04s (Satin Blue, 64 GB)",4.2,"23,330 Ratings","1,274 Reviews","₹9,999","₹7,299"
https://rukminim2.flixcart.com/image/312/312/xif0q/mobile/g/q/5/-original-imahfkf6jcuhhzyb.jpeg?q=70,"REDMI 13C 5G (Starlight Black, 128 GB)",4.2,"18,235 Ratings",772 Reviews,"₹15,999","₹10,999"
https://rukminim2.flixcart.com/image/312/312/xif0q/mobile/z/9/6/-original-imagwfffndz6tfhk.jpeg?q=70,"Infinix SMART 8 HD (Shiny Gold, 64 GB)",4.3,"38,576 Ratings","2,542 Reviews","₹7,999","₹6,699"
https://rukminim2.flixcart.com/image/312/312/xif0q/mobile/z/s/y/-original-imah4smtchzwyhgs.jpeg?q=70,"REDMI 13 5G (Black Diamond, 128 GB)",4.2,"2,545 Ratings",113 Reviews,"₹19,999","₹14,499"
https://rukminim2.flixcart.com/image/312/312/xif0q/mobile/q/k/r/-original-imagwfffv4dj3x4y.jpeg?q=70,"Infinix SMART 8 HD (Crystal Green, 64 GB)",4.3,"38,576 Ratings","2,542 Reviews","₹7,999","₹6,699"
https://rukminim2.flixcart.com/image/312/312/xif0q/mobile/1/h/3/-original-imagwfffzjftbg27.jpeg?q=70,"Infinix SMART 8 HD (Galaxy White, 64 GB)",4.3,"38,576 Ratings","2,542 Reviews","₹7,999","₹6,699"
https://rukminim2.flixcart.com/image/312/312/xif0q/mobile/i/y/g/-original-imagwfffdrfjj2pg.jpeg?q=70,"Infinix SMART 8 HD (Timber Black, 64 GB)",4.3,"38,576 Ratings","2,542 Reviews","₹7,999","₹6,699"
https://rukminim2.flixcart.com/image/312/312/xif0q/mobile/n/l/u/-original-imah2fjd7wfd9ksh.jpeg?q=70,"Motorola G85 5G (Olive Green, 256 GB)",4.4,"32,636 Ratings","1,604 Reviews","₹22,999","₹19,999"
https://rukminim2.flixcart.com/image/312/312/xif0q/mobile/t/0/g/-original-imah4zp7fvqp8wev.jpeg?q=70,"SAMSUNG Galaxy S23 5G (Phantom Black, 128 GB)",4.6,"55,710 Ratings","3,667 Reviews","₹89,999","₹44,999"
https://rukminim2.flixcart.com/image/312/312/xif0q/mobile/e/l/q/-original-imah4k2srpwzpgpa.jpeg?q=70,"Motorola Edge 50 Fusion (Forest Green, 256 GB)",4.5,"77,370 Ratings","5,149 Reviews","₹27,999","₹24,999"
https://rukminim2.flixcart.com/image/312/312/xif0q/mobile/u/p/q/-original-imagzrfwgxntnmaz.jpeg?q=70,"REDMI Note 13 5G (Prism Gold, 256 GB)",4.2,"10,104 Ratings",590 Reviews,"₹22,999","₹16,590"
https://rukminim2.flixcart.com/image/312/312/xif0q/mobile/y/8/i/-original-imah4zp7fgtezhsz.jpeg?q=70,"SAMSUNG Galaxy S23 5G (Cream, 128 GB)",4.6,"55,710 Ratings","3,667 Reviews","₹89,999","₹44,999"
https://rukminim2.flixcart.com/image/312/312/xif0q/mobile/x/c/t/-original-imagxsc4ufzm64uz.jpeg?q=70,"Infinix SMART 8 (Rainbow Blue, 128 GB)",4.3,"10,125 Ratings",578 Reviews,"₹10,999","₹8,999"
https://rukminim2.flixcart.com/image/312/312/xif0q/mobile/y/8/i/-original-imah4zp7fgtezhsz.jpeg?q=70,"SAMSUNG Galaxy S23 5G (Cream, 256 GB)",4.6,"55,710 Ratings","3,667 Reviews","₹95,999","₹49,999"
https://rukminim2.flixcart.com/image/312/312/xif0q/mobile/j/b/n/-original-imahyuhfzvybhaat.jpeg?q=70,"realme P1 5G (Peacock Green, 256 GB)",4.4,"31,850 Ratings","1,719 Reviews","₹22,999","₹18,999"
https://rukminim2.flixcart.com/image/312/312/xif0q/mobile/y/9/0/-original-imahyuhfg2z4fvyh.jpeg?q=70,"realme P1 5G (Phoenix Red, 256 GB)",4.4,"31,850 Ratings","1,719 Reviews","₹22,999","₹18,999"
https://rukminim2.flixcart.com/image/312/312/xif0q/mobile/f/o/2/-original-imagxsc4zkwzpqkc.jpeg?q=70,"Infinix SMART 8 (Timber Black, 128 GB)",4.3,"10,125 Ratings",578 Reviews,"₹10,999","₹8,999"
https://rukminim2.flixcart.com/image/312/312/xif0q/mobile/y/x/f/-original-imah4khx9u3zxdbk.jpeg?q=70,"realme P1 5G (Feather Blue, 256 GB)",4.4,"31,850 Ratings","1,719 Reviews","₹22,999","₹18,999"
https://rukminim2.flixcart.com/image/312/312/xif0q/mobile/x/c/t/-original-imagxsc4ufzm64uz.jpeg?q=70,"Infinix SMART 8 (Rainbow Blue, 64 GB)",4.3,"29,442 Ratings","1,707 Reviews","₹8,999","₹7,299"
https://rukminim2.flixcart.com/image/312/312/xif0q/mobile/u/5/f/-original-imagwu9fyya8h6mg.jpeg?q=70,"REDMI Note 13 Pro+ 5G (Fusion Purple, 256 GB)",4.3,"11,380 Ratings","1,118 Reviews","₹33,999","₹23,265"
https://rukminim2.flixcart.com/image/312/312/xif0q/mobile/1/1/s/-original-imagwu89jy5ems28.jpeg?q=70,"REDMI Note 13 Pro 5G (Midnight Black, 256 GB)",4.3,"6,520 Ratings",474 Reviews,"₹32,999","₹21,293"
https://rukminim2.flixcart.com/image/312/312/xif0q/mobile/y/x/f/-original-imah4khx9u3zxdbk.jpeg?q=70,"realme P1 5G (Feather Blue, 128 GB)",4.4,"31,850 Ratings","1,719 Reviews","₹21,999","₹15,999"
https://rukminim2.flixcart.com/image/312/312/xif0q/mobile/j/1/o/-original-imagxsc4y8fhqyvg.jpeg?q=70,"Infinix SMART 8 (Shiny Gold, 64 GB)",4.3,"29,442 Ratings","1,707 Reviews","₹8,999","₹7,299"
https://rukminim2.flixcart.com/image/312/312/xif0q/mobile/f/o/2/-original-imagxsc4zkwzpqkc.jpeg?q=70,"Infinix SMART 8 (Timber Black, 64 GB)",4.3,"29,442 Ratings","1,707 Reviews","₹8,999","₹7,299"
https://rukminim2.flixcart.com/image/312/312/xif0q/mobile/j/b/n/-original-imahyuhfzvybhaat.jpeg?q=70,"realme P1 5G (Peacock Green, 128 GB)",4.4,"60,724 Ratings","3,470 Reviews","₹20,999","₹14,999"
https://rukminim2.flixcart.com/image/312/312/xif0q/mobile/d/v/p/-original-imagxsc4nthcs2zk.jpeg?q=70,"Infinix SMART 8 (Galaxy White, 64 GB)",4.3,"29,442 Ratings","1,707 Reviews","₹8,999","₹7,299"
https://rukminim2.flixcart.com/image/312/312/xif0q/mobile/y/9/0/-original-imahyuhfg2z4fvyh.jpeg?q=70,"realme P1 5G (Phoenix Red, 128 GB)",4.4,"60,724 Ratings","3,470 Reviews","₹20,999","₹14,999"
https://rukminim2.flixcart.com/image/312/312/xif0q/mobile/y/9/0/-original-imahyuhfg2z4fvyh.jpeg?q=70,"realme P1 5G (Phoenix Red, 128 GB)",4.4,"31,850 Ratings","1,719 Reviews","₹21,999","₹15,999"
https://rukminim2.flixcart.com/image/312/312/xif0q/mobile/h/j/s/13-5g-2406ern9ci-redmi-original-imah4fd7mssevrjh.jpeg?q=70,"REDMI 13 5G (Orchid Pink, 128 GB)",4.2,"12,182 Ratings",552 Reviews,"₹17,999","₹12,149"
https://rukminim2.flixcart.com/image/312/312/xif0q/mobile/p/w/p/-original-imah4zp8tfzndmmh.jpeg?q=70,"SAMSUNG Galaxy S23 5G (Green, 128 GB)",4.6,"55,710 Ratings","3,667 Reviews","₹89,999","₹44,999"
https://rukminim2.flixcart.com/image/312/312/xif0q/mobile/o/c/6/edge-50-pb2w0000in-motorola-original-imah3anbj72hbtfz.jpeg?q=70,"MOTOROLA Edge 50 (Koala Grey, 256 GB)",4.3,"14,040 Ratings",937 Reviews,"₹32,999","₹27,999"
https://rukminim2.flixcart.com/image/312/312/xif0q/mobile/p/n/u/-original-imah4dyjnzz4wggv.jpeg?q=70,"Infinix Hot 50 5G (Sleek Black, 128 GB)",4.3,"1,510 Ratings",104 Reviews,"₹12,999","₹9,999"
https://rukminim2.flixcart.com/image/312/312/xif0q/mobile/m/v/7/-original-imah4dyj8gfsnzyk.jpeg?q=70,"Infinix Hot 50 5G (Sleek Black, 128 GB)",4.4,"4,025 Ratings",277 Reviews,"₹14,999","₹10,999"
https://rukminim2.flixcart.com/image/312/312/xif0q/mobile/l/s/u/-original-imah4dyjx2zw8gyx.jpeg?q=70,"Infinix Hot 50 5G (Vibrant Blue, 128 GB)",4.4,"4,025 Ratings",277 Reviews,"₹14,999","₹10,999"
https://rukminim2.flixcart.com/image/312/312/xif0q/mobile/t/s/a/-original-imah4dyjxthbhygh.jpeg?q=70,"Infinix Hot 50 5G (Sage Green, 128 GB)",4.3,"1,510 Ratings",104 Reviews,"₹12,999","₹9,999"
https://rukminim2.flixcart.com/image/312/312/xif0q/mobile/o/x/w/edge-50-pb2w0001in-motorola-original-imah3anbhkbjgqtk.jpeg?q=70,"MOTOROLA Edge 50 (Jungle Green, 256 GB)",4.3,"14,040 Ratings",937 Reviews,"₹32,999","₹27,999"
https://rukminim2.flixcart.com/image/312/312/xif0q/mobile/q/y/o/hot-40i-x6528-infinix-original-imagxquujpnngqgz.jpeg?q=70,"Infinix HOT 40i (Horizon Gold, 256 GB)",4.1,"19,445 Ratings","1,138 Reviews","₹10,999","₹9,999"
https://rukminim2.flixcart.com/image/312/312/xif0q/mobile/x/j/m/-original-imagwubk2ky9v2gz.jpeg?q=70,"REDMI Note 13 Pro+ 5G (Fusion Black, 256 GB)",4.3,"11,380 Ratings","1,118 Reviews","₹33,999","₹23,350"
https://rukminim2.flixcart.com/image/312/312/xif0q/mobile/8/v/0/-original-imah5ywfebrs9bfg.jpeg?q=70,"SAMSUNG Galaxy S23 FE (Mint, 128 GB)",4.3,"52,283 Ratings","3,019 Reviews","₹79,999","₹34,999"
https://rukminim2.flixcart.com/image/312/312/xif0q/mobile/v/v/3/-original-imah3fbcx9y9pyqq.jpeg?q=70,"Infinix Note 40X 5G (Starlit Black, 256 GB)",4.2,"1,389 Ratings",89 Reviews,"₹19,999","₹13,999"
https://rukminim2.flixcart.com/image/312/312/xif0q/mobile/g/g/c/-original-imah3g32gf2wkdes.jpeg?q=70,"Infinix Note 40X 5G (Palm Blue, 256 GB)",4.2,"1,389 Ratings",89 Reviews,"₹19,999","₹13,999"
https://rukminim2.flixcart.com/image/312/312/xif0q/mobile/a/c/k/-original-imagtc5fuzkvczr7.jpeg?q=70,"Apple iPhone 15 (Pink, 256 GB)",4.6,"2,07,248 Ratings","7,221 Reviews","₹79,900","₹68,999"
https://rukminim2.flixcart.com/image/312/312/xif0q/mobile/u/i/y/-original-imah4zp7chcqfzwh.jpeg?q=70,"SAMSUNG Galaxy S24+ 5G (Cobalt Violet, 256 GB)",4.5,"2,775 Ratings",188 Reviews,"₹99,999","₹64,999"
https://rukminim2.flixcart.com/image/312/312/xif0q/mobile/9/3/6/-original-imah3xk8u8dgteq3.jpeg?q=70,"Motorola g45 5G (Viva Magenta, 128 GB)",4.3,"10,686 Ratings",647 Reviews,"₹12,999","₹10,999"
https://rukminim2.flixcart.com/image/312/312/xif0q/mobile/p/w/p/-original-imah4zp8tfzndmmh.jpeg?q=70,"SAMSUNG Galaxy S23 5G (Green, 256 GB)",4.6,"55,710 Ratings","3,667 Reviews","₹95,999","₹49,999"
https://rukminim2.flixcart.com/image/312/312/xif0q/mobile/9/q/v/-original-imah42m4r4akzhyn.jpeg?q=70,"Infinix Note 40 Pro 5G (Racing Grey, 256 GB)",4.2,"26,733 Ratings","1,734 Reviews","₹27,999","₹18,999"
https://rukminim2.flixcart.com/image/312/312/xif0q/mobile/e/v/t/13c-5g-redmi-13c-5g-redmi-original-imagw6s7zfhb4syx.jpeg?q=70,"REDMI 13c 5G (Starlight Black, 256 GB)",4.2,"6,932 Ratings",346 Reviews,"₹17,999","₹13,488"
https://rukminim2.flixcart.com/image/312/312/xif0q/mobile/j/o/z/-original-imah4qke9gf7jhfg.jpeg?q=70,"OPPO K12x 5G with 45W SUPERVOOC Charger In-The-Box (Feather Pink, 256 GB)",4.5,"12,463 Ratings",490 Reviews,"₹18,999","₹15,999"
https://rukminim2.flixcart.com/image/312/312/xif0q/mobile/c/a/r/-original-imah2pgpfmeadck9.jpeg?q=70,"realme C63 (Jade Green, 64 GB)",4.3,"6,201 Ratings",272 Reviews,"₹9,999","₹8,499"
https://rukminim2.flixcart.com/image/312/312/xif0q/mobile/u/p/q/-original-imagzrfwgxntnmaz.jpeg?q=70,"REDMI Note 13 5G (Prism Gold, 128 GB)",4.2,"21,660 Ratings","1,260 Reviews","₹20,999","₹16,984"
https://rukminim2.flixcart.com/image/312/312/xif0q/mobile/x/v/z/-original-imah28xpzzwz4fwg.jpeg?q=70,"realme C61 (Marble Black, 128 GB)",4.3,"2,786 Ratings",93 Reviews,"₹9,999","₹8,999"
https://rukminim2.flixcart.com/image/312/312/xif0q/mobile/w/k/r/p55-a666l-itel-original-imah3g7yjsxeu4mr.jpeg?q=70,"itel P55 (Aurora Blue, 128 GB)",4.1,446 Ratings,27 Reviews,"₹9,999","₹7,690"
https://rukminim2.flixcart.com/image/312/312/xif0q/mobile/4/s/d/hot-50-5g-x6720-infinix-original-imah4dybfdernmyz.jpeg?q=70,"Infinix Hot 50 5G (Sage Green, 128 GB)",4.4,"4,025 Ratings",277 Reviews,"₹14,999","₹10,999"
https://rukminim2.flixcart.com/image/312/312/xif0q/mobile/q/s/h/-original-imah44jedp88tjqn.jpeg?q=70,"vivo T3 Pro 5G (Sandstone Orange, 256 GB)",4.5,"23,853 Ratings","1,531 Reviews","₹31,999","₹26,999"
https://rukminim2.flixcart.com/image/312/312/xif0q/mobile/t/f/a/-original-imahfk4xp4xcggyt.jpeg?q=70,"REDMI 13C (Starfrost White, 128 GB)",4.2,"20,854 Ratings",851 Reviews,"₹13,999","₹8,499"
https://rukminim2.flixcart.com/image/312/312/xif0q/mobile/j/4/7/-original-imah44yrqjkpckgv.jpeg?q=70,"vivo T3 Pro 5G (Emerald Green, 256 GB)",4.5,"23,853 Ratings","1,531 Reviews","₹31,999","₹26,999"
https://rukminim2.flixcart.com/image/312/312/xif0q/mobile/v/z/i/-original-imagwubkng4aw75d.jpeg?q=70,"REDMI Note 13 Pro+ 5G (Fusion White, 256 GB)",4.3,"11,380 Ratings","1,118 Reviews","₹35,999","₹23,677"
https://rukminim2.flixcart.com/image/312/312/xif0q/mobile/j/9/a/p55-a666l-itel-original-imah3kf82yumfwsb.jpeg?q=70,"itel P55 (Moonlit Black, 128 GB)",4.1,446 Ratings,27 Reviews,"₹9,999","₹7,245"
https://rukminim2.flixcart.com/image/312/312/xif0q/mobile/s/a/s/-original-imah4hnh4z52kqqc.jpeg?q=70,"vivo T3 Ultra (Lunar Gray, 256 GB)",4.5,"6,264 Ratings",524 Reviews,"₹37,999","₹33,999"
https://rukminim2.flixcart.com/image/312/312/xif0q/mobile/s/a/s/-original-imah4hnh4z52kqqc.jpeg?q=70,"vivo T3 Ultra (Lunar Gray, 256 GB)",4.5,"2,785 Ratings",235 Reviews,"₹39,999","₹35,999"
https://rukminim2.flixcart.com/image/312/312/xif0q/mobile/j/4/7/-original-imah44yrqjkpckgv.jpeg?q=70,"vivo T3 Pro 5G (Emerald Green, 128 GB)",4.5,"23,853 Ratings","1,531 Reviews","₹29,999","₹24,999"
https://rukminim2.flixcart.com/image/312/312/xif0q/mobile/e/a/g/-original-imags37h4prxjazz.jpeg?q=70,"REDMI 12 (Pastel Blue, 128 GB)",4.2,"68,024 Ratings","4,104 Reviews","₹15,999","₹7,999"
https://rukminim2.flixcart.com/image/312/312/xif0q/mobile/e/l/q/-original-imah4k2srpwzpgpa.jpeg?q=70,"Motorola Edge 50 Fusion (Forest Green, 128 GB)",4.5,"75,214 Ratings","4,706 Reviews","₹25,999","₹22,999"
https://rukminim2.flixcart.com/image/312/312/xif0q/mobile/j/1/o/-original-imagxsc4y8fhqyvg.jpeg?q=70,"Infinix SMART 8 (Shiny Gold, 128 GB)",4.3,"10,125 Ratings",578 Reviews,"₹10,999","₹8,999"
https://rukminim2.flixcart.com/image/312/312/xif0q/mobile/h/d/9/-original-imagtc2qzgnnuhxh.jpeg?q=70,"Apple iPhone 15 (Black, 256 GB)",4.6,"2,07,248 Ratings","7,221 Reviews","₹79,900","₹68,999"
https://rukminim2.flixcart.com/image/312/312/xif0q/mobile/v/f/d/-original-imagpgx4g2m63gfh.jpeg?q=70,"Google Pixel 7a (Snow, 128 GB)",4.1,"23,161 Ratings","2,335 Reviews","₹43,999","₹30,999"
https://rukminim2.flixcart.com/image/312/312/xif0q/mobile/g/q/5/-original-imahfkf6jcuhhzyb.jpeg?q=70,"REDMI 13C 5G (Starlight Black, 128 GB)",4.3,"29,641 Ratings","1,137 Reviews","₹13,999","₹8,999"
https://rukminim2.flixcart.com/image/312/312/xif0q/mobile/y/a/d/-original-imagzhspdmx4egff.jpeg?q=70,"Motorola Edge 50 Pro 5G with 125W Charger (Moonlight Pearl, 256 GB)",4.4,"38,286 Ratings","2,413 Reviews","₹41,999","₹35,999"
https://rukminim2.flixcart.com/image/312/312/xif0q/mobile/8/v/0/-original-imah5ywfebrs9bfg.jpeg?q=70,"SAMSUNG Galaxy S23 FE (Mint, 256 GB)",4.3,"52,283 Ratings","3,019 Reviews","₹84,999","₹37,999"
https://rukminim2.flixcart.com/image/312/312/xif0q/mobile/p/y/k/-original-imah4t2mazqcnkrh.jpeg?q=70,"realme P2 Pro 5G (Parrot Green, 128 GB)",4.5,"4,438 Ratings",270 Reviews,"₹25,999","₹21,999"
https://rukminim2.flixcart.com/image/312/312/xif0q/mobile/p/8/i/-original-imagwu89u7fgsq4b.jpeg?q=70,"REDMI Note 13 Pro 5G (Arctic White, 256 GB)",4.3,"6,520 Ratings",474 Reviews,"₹32,999","₹21,083"
https://rukminim2.flixcart.com/image/312/312/xif0q/mobile/q/y/m/-original-imagz7f9hzrahd2z.jpeg?q=70,"Nothing Phone (2a) 5G (White, 256 GB)",4.4,"11,126 Ratings",913 Reviews,"₹29,999","₹27,999"
https://rukminim2.flixcart.com/image/312/312/xif0q/mobile/l/6/x/t3-ultra-v2426-vivo-original-imah4hnfcx6hhhb8.jpeg?q=70,"vivo T3 Ultra (Frost Green, 256 GB)",4.5,"6,264 Ratings",524 Reviews,"₹37,999","₹33,999"
https://rukminim2.flixcart.com/image/312/312/xif0q/mobile/q/s/h/-original-imah44jedp88tjqn.jpeg?q=70,"vivo T3 Pro 5G (Sandstone Orange, 128 GB)",4.5,"23,853 Ratings","1,531 Reviews","₹29,999","₹24,999"
https://rukminim2.flixcart.com/image/312/312/xif0q/mobile/f/l/g/-original-imagtc5frtz9j7tb.jpeg?q=70,"Apple iPhone 15 (Yellow, 128 GB)",4.6,"2,07,248 Ratings","7,221 Reviews","₹69,900","₹58,999"
https://rukminim2.flixcart.com/image/312/312/xif0q/mobile/r/u/9/-original-imah5wxnktvffhgq.jpeg?q=70,"OnePlus Nord CE4 lite 5G (SUPER SILVER, 256 GB)",4.4,"5,684 Ratings",238 Reviews,"₹23,999","₹21,790"
https://rukminim2.flixcart.com/image/312/312/xif0q/mobile/m/r/p/-original-imahyzygqydqtyvj.jpeg?q=70,"realme P1 Pro 5G (Phoenix Red, 128 GB)",4.4,"22,812 Ratings","1,542 Reviews","₹24,999","₹19,999"
https://rukminim2.flixcart.com/image/312/312/xif0q/mobile/m/r/p/-original-imahyzygqydqtyvj.jpeg?q=70,"realme P1 Pro 5G (Phoenix Red, 256 GB)",4.4,"3,363 Ratings",177 Reviews,"₹26,999","₹20,999"
https://rukminim2.flixcart.com/image/312/312/xif0q/mobile/x/x/x/-original-imah4gzvgzrkwhtg.jpeg?q=70,"POCO M6 5G (Polaris Green, 128 GB)",4.3,"40,161 Ratings","2,076 Reviews","₹13,999","₹9,749"
https://rukminim2.flixcart.com/image/312/312/xif0q/mobile/4/y/b/-original-imahyzygycuyg3mq.jpeg?q=70,"realme P1 Pro 5G (Parrot Blue, 128 GB)",4.4,"22,812 Ratings","1,542 Reviews","₹24,999","₹19,999"
https://rukminim2.flixcart.com/image/312/312/xif0q/mobile/g/w/r/edge-50-fusion-pb300000in-motorola-original-imahywzztyktktpp.jpeg?q=70,"Motorola Edge 50 Fusion (Forest Blue, 256 GB)",4.5,"77,370 Ratings","5,149 Reviews","₹27,999","₹24,999"
https://rukminim2.flixcart.com/image/312/312/xif0q/mobile/l/6/x/t3-ultra-v2426-vivo-original-imah4hnfcx6hhhb8.jpeg?q=70,"vivo T3 Ultra (Frost Green, 128 GB)",4.5,"6,264 Ratings",524 Reviews,"₹35,999","₹31,999"
https://rukminim2.flixcart.com/image/312/312/xif0q/mobile/s/a/s/-original-imah4hnh4z52kqqc.jpeg?q=70,"vivo T3 Ultra (Lunar Gray, 128 GB)",4.5,"6,264 Ratings",524 Reviews,"₹35,999","₹31,999"
https://rukminim2.flixcart.com/image/312/312/xif0q/mobile/p/m/o/-original-imah5wxz4y4qfgdq.jpeg?q=70,"OnePlus Nord CE4 lite 5G (MEGA BLUE, 128 GB)",4.4,"5,684 Ratings",238 Reviews,"₹20,999","₹18,630"
https://rukminim2.flixcart.com/image/312/312/xif0q/mobile/r/u/9/-original-imah5wxnktvffhgq.jpeg?q=70,"OnePlus Nord CE4 lite 5G (SUPER SILVER, 128 GB)",4.4,"5,684 Ratings",238 Reviews,"₹20,999","₹18,636"
https://rukminim2.flixcart.com/image/312/312/xif0q/mobile/c/u/c/-original-imah3afneszgnrt6.jpeg?q=70,"POCO M6 Plus 5G (Ice Silver, 128 GB)",4.2,"14,498 Ratings",835 Reviews,"₹15,999","₹11,499"
https://rukminim2.flixcart.com/image/312/312/xif0q/mobile/9/u/a/-original-imagtc4hsx9mzfra.jpeg?q=70,"Apple iPhone 15 Pro (Natural Titanium, 1 TB)",4.6,"2,590 Ratings",134 Reviews,"₹1,84,900","₹1,29,999"
https://rukminim2.flixcart.com/image/312/312/xif0q/mobile/4/g/g/-original-imahfaxfwbz84k6z.jpeg?q=70,"Nothing Phone (2a) 5G (Special Edition, 256 GB)",4.4,"11,126 Ratings",913 Reviews,"₹29,999","₹27,999"
https://rukminim2.flixcart.com/image/312/312/xif0q/mobile/h/i/x/-original-imagyr3vfpqrpkbv.jpeg?q=70,"Nothing Phone (2a) 5G (Black, 256 GB)",4.4,"69,872 Ratings","5,920 Reviews","₹27,999","₹25,999"
https://rukminim2.flixcart.com/image/312/312/xif0q/mobile/q/y/m/-original-imagz7f9hzrahd2z.jpeg?q=70,"Nothing Phone (2a) 5G (White, 256 GB)",4.4,"69,872 Ratings","5,920 Reviews","₹27,999","₹25,999"
https://rukminim2.flixcart.com/image/312/312/xif0q/mobile/n/u/5/galaxy-m35-5g-sm-m356b-samsung-original-imah5qgyszh7ygft.jpeg?q=70,"SAMSUNG Galaxy M35 5G (Moonlight Blue, 128 GB)",4.4,"2,323 Ratings",138 Reviews,"₹25,990","₹16,404"
https://rukminim2.flixcart.com/image/312/312/xif0q/mobile/1/7/f/galaxy-m35-5g-sm-m356b-samsung-original-imah3febzvtjehue.jpeg?q=70,"SAMSUNG Galaxy M35 5G (Thunder Grey, 128 GB)",4.4,"2,323 Ratings",138 Reviews,"₹24,499","₹16,174"
https://rukminim2.flixcart.com/image/312/312/xif0q/mobile/c/a/r/-original-imah2pgpfmeadck9.jpeg?q=70,"realme C63 (Jade Green, 128 GB)",4.3,"6,201 Ratings",272 Reviews,"₹10,999","₹8,999"
https://rukminim2.flixcart.com/image/312/312/xif0q/mobile/f/b/f/galaxy-m35-5g-sm-m356b-samsung-original-imah5vyfh4ckdyb5.jpeg?q=70,"SAMSUNG Galaxy M35 5G (DayBreak Blue, 128 GB)",4.4,254 Ratings,16 Reviews,"₹25,999","₹21,495"
https://rukminim2.flixcart.com/image/312/312/xif0q/mobile/z/z/c/edge-50-neo-pb330000in-motorola-original-imah4pxa79ptumnv.jpeg?q=70,"Motorola Edge 50 Neo (PANTONE Grisaille, 256 GB)",4.4,"8,311 Ratings",719 Reviews,"₹29,999","₹25,999"
https://rukminim2.flixcart.com/image/312/312/xif0q/mobile/4/f/r/-original-imah5ywfzzjzfkcn.jpeg?q=70,"SAMSUNG Galaxy S23 FE (Purple, 128 GB)",4.3,"52,283 Ratings","3,019 Reviews","₹79,999","₹34,999"
https://rukminim2.flixcart.com/image/312/312/xif0q/mobile/6/2/x/pixel-9-ga05844-in-google-original-imah3pfjs25yjvfy.jpeg?q=70,"Google Pixel 9 (Wintergreen, 256 GB)",4.6,"1,444 Ratings",155 Reviews,,"₹79,999"
https://rukminim2.flixcart.com/image/312/312/xif0q/mobile/r/n/d/-original-imah5wxzxbsymj4j.jpeg?q=70,"OnePlus Nord CE4 lite 5G (ULTRA ORANGE, 256 GB)",4.4,"5,684 Ratings",238 Reviews,"₹23,965","₹21,795"
https://rukminim2.flixcart.com/image/312/312/xif0q/mobile/z/g/z/-original-imahfptqbnyebxjg.jpeg?q=70,"Nothing Phone (2a) 5G (Blue, 256 GB)",4.4,"69,872 Ratings","5,920 Reviews","₹27,999","₹25,999"
https://rukminim2.flixcart.com/image/312/312/xif0q/mobile/i/p/l/-original-imah2fjcxjdjykpc.jpeg?q=70,"Motorola G85 5G (Cobalt Blue, 256 GB)",4.4,"32,636 Ratings","1,604 Reviews","₹22,999","₹19,999"
https://rukminim2.flixcart.com/image/312/312/xif0q/mobile/v/c/2/-original-imahfsy9xyk5fujz.jpeg?q=70,"Infinix Note 40 Pro 5G (Gold, 256 GB)",4.2,"26,733 Ratings","1,734 Reviews","₹27,999","₹18,999"
https://rukminim2.flixcart.com/image/312/312/xif0q/mobile/h/i/x/-original-imagyr3vfpqrpkbv.jpeg?q=70,"Nothing Phone (2a) 5G (Black, 128 GB)",4.4,"69,872 Ratings","5,920 Reviews","₹25,999","₹23,999"
https://rukminim2.flixcart.com/image/312/312/xif0q/mobile/4/g/g/-original-imahfaxfwbz84k6z.jpeg?q=70,"Nothing Phone (2a) 5G (Special Edition, 256 GB)",4.4,"69,872 Ratings","5,920 Reviews","₹27,999","₹25,999"
https://rukminim2.flixcart.com/image/312/312/xif0q/mobile/7/s/h/-original-imah2pgrrhz2nufs.jpeg?q=70,"realme C63 (Leather Blue, 64 GB)",4.3,"6,201 Ratings",272 Reviews,"₹9,999","₹8,499"
https://rukminim2.flixcart.com/image/312/312/xif0q/mobile/p/3/1/galaxy-m35-5g-sm-m356b-samsung-original-imah3fe8swtqmxek.jpeg?q=70,"SAMSUNG Galaxy M35 5G (DayBreak Blue, 256 GB)",4.4,254 Ratings,16 Reviews,"₹27,499","₹23,795"
https://rukminim2.flixcart.com/image/312/312/xif0q/mobile/1/7/f/galaxy-m35-5g-sm-m356b-samsung-original-imah3febzvtjehue.jpeg?q=70,"SAMSUNG Galaxy M35 5G (Thunder Grey, 128 GB)",4.4,254 Ratings,16 Reviews,"₹25,999","₹20,995"
https://rukminim2.flixcart.com/image/312/312/xif0q/mobile/m/p/j/-original-imah5mtpdzrutn3c.jpeg?q=70,"Google Pixel 9 Pro (Obsidian, 256 GB)",4.6,100 Ratings,24 Reviews,,"₹1,09,999"
https://rukminim2.flixcart.com/image/312/312/xif0q/mobile/h/i/x/-original-imagyr3vfpqrpkbv.jpeg?q=70,"Nothing Phone (2a) 5G (Black, 128 GB)",4.4,"69,872 Ratings","5,920 Reviews","₹25,999","₹23,999"
https://rukminim2.flixcart.com/image/312/312/xif0q/mobile/v/c/2/-original-imahfsy9xyk5fujz.jpeg?q=70,"Infinix Note 40 Pro 5G (Gold, 256 GB)",4.2,"26,733 Ratings","1,734 Reviews","₹27,999","₹18,999"
https://rukminim2.flixcart.com/image/312/312/xif0q/mobile/o/h/m/-original-imah4jywmcz5ysz3.jpeg?q=70,"Apple iPhone 16 Pro (Natural Titanium, 128 GB)",4.7,389 Ratings,23 Reviews,,"₹1,19,900"
https://rukminim2.flixcart.com/image/312/312/xif0q/mobile/4/7/c/-original-imagzrfwawrb9fzx.jpeg?q=70,"REDMI Note 13 5G (Stealth Black, 128 GB)",4.2,"21,660 Ratings","1,260 Reviews","₹20,999","₹13,988"
https://rukminim2.flixcart.com/image/312/312/xif0q/mobile/r/r/w/pixel-9-ga05842-in-google-original-imah3pfhxtjf5t8q.jpeg?q=70,"Google Pixel 9 (Obsidian, 256 GB)",4.6,"1,444 Ratings",155 Reviews,,"₹79,999"
https://rukminim2.flixcart.com/image/312/312/xif0q/mobile/x/k/h/-original-imah5ywff9rr76zh.jpeg?q=70,"SAMSUNG Galaxy S23 FE (Graphite, 128 GB)",4.3,"52,283 Ratings","3,019 Reviews","₹79,999","₹34,999"
https://rukminim2.flixcart.com/image/312/312/xif0q/mobile/l/6/x/t3-ultra-v2426-vivo-original-imah4hnfcx6hhhb8.jpeg?q=70,"vivo T3 Ultra (Frost Green, 256 GB)",4.5,"2,785 Ratings",235 Reviews,"₹39,999","₹35,999"
https://rukminim2.flixcart.com/image/312/312/xif0q/mobile/a/5/s/nord-ce4-lite-5g-cph2619-oneplus-original-imah5mqzjmgdqsxm.jpeg?q=70,"OnePlus Nord CE4 lite 5G (MEGA BLUE, 256 GB)",4.4,"5,684 Ratings",238 Reviews,"₹23,999","₹22,198"
https://rukminim2.flixcart.com/image/312/312/xif0q/mobile/z/g/z/-original-imahfptqbnyebxjg.jpeg?q=70,"Nothing Phone (2a) 5G (Blue, 128 GB)",4.4,"69,872 Ratings","5,920 Reviews","₹25,999","₹23,999"
https://rukminim2.flixcart.com/image/312/312/xif0q/mobile/q/y/m/-original-imagz7f9hzrahd2z.jpeg?q=70,"Nothing Phone (2a) 5G (White, 128 GB)",4.4,"69,872 Ratings","5,920 Reviews","₹25,999","₹23,999"
https://rukminim2.flixcart.com/image/312/312/xif0q/mobile/a/s/k/-original-imah4mdftbfk4ggw.jpeg?q=70,"POCO X6 Neo 5G (Astral Black, 128 GB)",4.2,"22,934 Ratings","1,678 Reviews","₹19,999","₹13,499"
https://rukminim2.flixcart.com/image/312/312/xif0q/mobile/4/y/b/-original-imahyzygycuyg3mq.jpeg?q=70,"realme P1 Pro 5G (Parrot Blue, 256 GB)",4.4,"3,363 Ratings",177 Reviews,"₹26,999","₹20,999"
https://rukminim2.flixcart.com/image/312/312/xif0q/mobile/p/8/i/-original-imagwu89u7fgsq4b.jpeg?q=70,"REDMI Note 13 Pro 5G (Arctic White, 256 GB)",4.3,"26,195 Ratings","2,092 Reviews","₹30,999","₹19,770"
https://rukminim2.flixcart.com/image/312/312/xif0q/mobile/y/q/a/a70-5000-mah-battery-13mp-dual-rear-camera-type-c-charging-a665l-original-imahyjgfjgczrzmu.jpeg?q=70,"itel A70 | 5000 mAh Battery |13MP Dual Rear Camera | Type C Charging (Field Green, 64 GB)",4.2,"2,469 Ratings",89 Reviews,"₹7,299","₹6,384"
https://rukminim2.flixcart.com/image/312/312/xif0q/mobile/w/i/g/-original-imahy99nggt6dbhh.jpeg?q=70,"realme C65 5G (Glowing Black, 128 GB)",4.4,"9,924 Ratings",400 Reviews,"₹15,999","₹11,824"
https://rukminim2.flixcart.com/image/312/312/xif0q/mobile/4/8/i/-original-imahy99nvkpewtzy.jpeg?q=70,"realme C65 5G (Feather Green, 128 GB)",4.2,"3,466 Ratings",162 Reviews,"₹14,999","₹10,680"
https://rukminim2.flixcart.com/image/312/312/xif0q/mobile/1/t/z/-original-imagys8jdrs47dhc.jpeg?q=70,"POCO M6 5G - Locked with Airtel Prepaid (Polaris Green, 128 GB)",4.2,"93,135 Ratings","4,428 Reviews","₹12,999","₹8,499"
https://rukminim2.flixcart.com/image/312/312/xif0q/mobile/c/p/k/-original-imah4mdfkdcu2zkh.jpeg?q=70,"POCO X6 Neo 5G (Martian Orange, 128 GB)",4.2,"22,934 Ratings","1,678 Reviews","₹19,999","₹13,499"
https://rukminim2.flixcart.com/image/312/312/xif0q/mobile/w/c/3/-original-imah3chxfqnezjjb.jpeg?q=70,"realme 12x 5G (Twilight Purple, 128 GB)",4.1,"12,900 Ratings",808 Reviews,"₹16,999","₹11,999"
https://rukminim2.flixcart.com/image/312/312/xif0q/mobile/v/j/4/aura-05i-a663l-itel-original-imagvhvjr4ekn3t8.jpeg?q=70,"itel Aura 05i|Leather Finish|4000 Mah Battery|Type C Charging Support (Nebula Black, 32 GB)",4.1,"1,276 Ratings",36 Reviews,"₹6,799","₹5,480"
https://rukminim2.flixcart.com/image/312/312/xif0q/mobile/m/r/p/-original-imahyzygqydqtyvj.jpeg?q=70,"realme P1 Pro 5G (Phoenix Red, 256 GB)",4.4,"22,812 Ratings","1,542 Reviews","₹25,999","₹20,999"
https://rukminim2.flixcart.com/image/312/312/xif0q/mobile/1/7/f/galaxy-m35-5g-sm-m356b-samsung-original-imah3febzvtjehue.jpeg?q=70,"SAMSUNG Galaxy M35 5G (Thunder Grey, 256 GB)",4.4,254 Ratings,16 Reviews,"₹27,499","₹25,490"
https://rukminim2.flixcart.com/image/312/312/xif0q/mobile/4/y/b/-original-imahyzygycuyg3mq.jpeg?q=70,"realme P1 Pro 5G (Parrot Blue, 256 GB)",4.4,"22,812 Ratings","1,542 Reviews","₹25,999","₹20,999"
https://rukminim2.flixcart.com/image/312/312/xif0q/mobile/p/8/i/-original-imagwu89u7fgsq4b.jpeg?q=70,"REDMI Note 13 Pro 5G (Arctic White, 128 GB)",4.3,"26,195 Ratings","2,092 Reviews","₹28,999","₹18,338"
https://rukminim2.flixcart.com/image/312/312/xif0q/mobile/z/g/z/-original-imahfptqbnyebxjg.jpeg?q=70,"Nothing Phone (2a) 5G (Blue, 256 GB)",4.4,"11,126 Ratings",913 Reviews,"₹29,999","₹27,999"
https://rukminim2.flixcart.com/image/312/312/xif0q/mobile/p/8/i/-original-imagwu89u7fgsq4b.jpeg?q=70,"REDMI Note 13 Pro 5G (Arctic White, 128 GB)",4.3,"26,195 Ratings","2,092 Reviews","₹28,999","₹18,338"
https://rukminim2.flixcart.com/image/312/312/xif0q/mobile/6/1/v/-original-imah5f2tqawgznhv.jpeg?q=70,"realme P2 Pro 5G (Eagle Grey, 256 GB)",4.4,"2,540 Ratings",175 Reviews,"₹27,999","₹24,999"
https://rukminim2.flixcart.com/image/312/312/xif0q/mobile/6/1/v/-original-imah5f2tqawgznhv.jpeg?q=70,"realme P2 Pro 5G (Eagle Grey, 512 GB)",4.4,"2,540 Ratings",175 Reviews,"₹30,999","₹27,999"
https://rukminim2.flixcart.com/image/312/312/xif0q/mobile/m/j/t/-original-imah4mdfgk8jrmfq.jpeg?q=70,"POCO X6 Neo 5G (Horizon Blue, 128 GB)",4.2,"22,934 Ratings","1,678 Reviews","₹19,999","₹13,499"
https://rukminim2.flixcart.com/image/312/312/xif0q/mobile/9/u/a/-original-imagtc4hsx9mzfra.jpeg?q=70,"Apple iPhone 15 Pro (Natural Titanium, 128 GB)",4.6,"2,590 Ratings",134 Reviews,"₹1,34,900","₹1,03,999"
https://rukminim2.flixcart.com/image/312/312/xif0q/mobile/1/z/j/-original-imahyugggpc9cggx.jpeg?q=70,"vivo Y18i (Space Black, 64 GB)",4.1,843 Ratings,25 Reviews,"₹11,999","₹8,190"
https://rukminim2.flixcart.com/image/312/312/xif0q/mobile/p/y/k/-original-imah4t2mazqcnkrh.jpeg?q=70,"realme P2 Pro 5G (Parrot Green, 256 GB)",4.4,"2,540 Ratings",175 Reviews,"₹27,999","₹24,999"
https://rukminim2.flixcart.com/image/312/312/xif0q/mobile/4/8/i/-original-imahy99nvkpewtzy.jpeg?q=70,"realme C65 5G (Feather Green, 128 GB)",4.4,"9,924 Ratings",400 Reviews,"₹15,999","₹11,866"
https://rukminim2.flixcart.com/image/312/312/xif0q/mobile/u/6/r/-original-imahfk4xenbzxwrh.jpeg?q=70,"REDMI 13C (Starshine Green, 128 GB)",4.2,"20,854 Ratings",851 Reviews,"₹13,999","₹8,499"
https://rukminim2.flixcart.com/image/312/312/xif0q/mobile/u/w/m/c65-5g-rmx3997-realme-original-imah44kfmy2mxzgs.jpeg?q=70,"realme C65 5G (Speedy Red, 128 GB)",4.4,"9,924 Ratings",400 Reviews,"₹15,999","₹11,999"
https://rukminim2.flixcart.com/image/312/312/xif0q/mobile/c/p/k/-original-imah4mdfkdcu2zkh.jpeg?q=70,"POCO X6 Neo 5G (Martian Orange, 128 GB)",4.2,"22,934 Ratings","1,678 Reviews","₹19,999","₹13,499"
https://rukminim2.flixcart.com/image/312/312/xif0q/mobile/h/i/x/-original-imagyr3vfpqrpkbv.jpeg?q=70,"Nothing Phone (2a) 5G (Black, 256 GB)",4.4,"11,126 Ratings",913 Reviews,"₹29,999","₹27,999"
https://rukminim2.flixcart.com/image/312/312/xif0q/mobile/9/b/n/-original-imah3afnqj84usyy.jpeg?q=70,"POCO M6 Plus 5G (Misty Lavender, 128 GB)",4.2,"14,498 Ratings",835 Reviews,"₹15,999","₹11,499"
https://rukminim2.flixcart.com/image/312/312/xif0q/mobile/f/3/k/-original-imahfsy5qcgvyyyt.jpeg?q=70,"Infinix Note 40 Pro+ 5G (Obsidian Black, 256 GB)",4.2,"2,430 Ratings",206 Reviews,"₹32,999","₹21,999"
https://rukminim2.flixcart.com/image/312/312/xif0q/mobile/o/l/c/g04s-pb360003in-motorola-original-imahfc49s8ehsdba.jpeg?q=70,"Motorola g04s (Sunrise Orange, 64 GB)",4.2,"23,330 Ratings","1,274 Reviews","₹9,999","₹7,299"
https://rukminim2.flixcart.com/image/312/312/xif0q/mobile/x/k/h/-original-imah5ywff9rr76zh.jpeg?q=70,"SAMSUNG Galaxy S23 FE (Graphite, 256 GB)",4.3,"52,283 Ratings","3,019 Reviews","₹84,999","₹37,999"
https://rukminim2.flixcart.com/image/312/312/xif0q/mobile/i/w/k/-original-imah3afnzmgfjnrf.jpeg?q=70,"POCO M6 Plus 5G (Graphite Black, 128 GB)",4.2,"2,562 Ratings",152 Reviews,"₹17,999","₹12,499"
https://rukminim2.flixcart.com/image/312/312/xif0q/mobile/t/0/g/-original-imah4zp7fvqp8wev.jpeg?q=70,"SAMSUNG Galaxy S23 5G (Phantom Black, 256 GB)",4.6,"55,710 Ratings","3,667 Reviews","₹95,999","₹49,999"
https://rukminim2.flixcart.com/image/312/312/xif0q/mobile/x/m/u/-original-imagtc4hv5qhegyb.jpeg?q=70,"Apple iPhone 15 Pro (White Titanium, 512 GB)",4.6,"2,590 Ratings",134 Reviews,"₹1,64,900","₹1,21,999"
https://rukminim2.flixcart.com/image/312/312/xif0q/mobile/l/z/u/-original-imagys8ju6qzdhfw.jpeg?q=70,"POCO M6 5G - Locked with Airtel Prepaid (Galactic Black, 128 GB)",4.2,"93,135 Ratings","4,428 Reviews","₹12,999","₹8,499"
https://rukminim2.flixcart.com/image/312/312/xif0q/mobile/w/y/s/-original-imahyugggruh5vz5.jpeg?q=70,"vivo Y18i (Gem Green, 64 GB)",4.1,843 Ratings,25 Reviews,"₹11,999","₹8,723"
https://rukminim2.flixcart.com/image/312/312/xif0q/mobile/c/q/s/edge-50-neo-pb330006in-motorola-original-imah4pxa4szzfgsv.jpeg?q=70,"Motorola Edge 50 Neo (PANTONE Nautical Blue, 256 GB)",4.4,"8,311 Ratings",719 Reviews,"₹29,999","₹25,999"
https://rukminim2.flixcart.com/image/312/312/xif0q/mobile/b/u/e/a70-5000-mah-battery-13mp-dual-rear-camera-type-c-charging-a665l-original-imahyjfzxpdzjcx4.jpeg?q=70,"itel A70 | 5000 mAh Battery |13MP Dual Rear Camera | Type C Charging (Starlish Black, 64 GB)",4.2,"2,469 Ratings",89 Reviews,"₹7,299","₹6,379"
https://rukminim2.flixcart.com/image/312/312/xif0q/mobile/t/x/5/a70-a665l-itel-original-imagx8mg6mtzgeec.jpeg?q=70,"itel A70 | 5000 mAh Battery |13MP Dual Rear Camera | Type C Charging (Brilliant Gold, 64 GB)",4.2,"2,469 Ratings",89 Reviews,"₹7,299","₹6,398"
https://rukminim2.flixcart.com/image/312/312/xif0q/mobile/w/y/s/-original-imahyugggruh5vz5.jpeg?q=70,"vivo Y18i (Gem Green, 64 GB)",4.1,843 Ratings,25 Reviews,"₹11,999","₹8,723"
https://rukminim2.flixcart.com/image/312/312/xif0q/mobile/e/r/l/aura-05i-a663l-itel-original-imagvhvggz8d6hdz.jpeg?q=70,"itel Aura 05i|Leather Finish|4000 Mah Battery|Type C Charging Support (Glorious Orange, 32 GB)",4.1,"1,276 Ratings",36 Reviews,"₹6,799","₹5,486"
https://rukminim2.flixcart.com/image/312/312/xif0q/mobile/r/p/k/aura-05i-leather-finish-4000-mah-battery-type-c-charging-support-original-imagvnu9sbzczyx8.jpeg?q=70,"itel Aura 05i|Leather Finish|4000 Mah Battery|Type C Charging Support (Crystal Blue, 32 GB)",4.1,"1,276 Ratings",36 Reviews,"₹6,799","₹5,489"
https://rukminim2.flixcart.com/image/312/312/xif0q/mobile/m/p/y/12-pro-5g-rmx3842-realme-original-imagxgnhafyjz8rb.jpeg?q=70,"realme 12 Pro 5G (Navigator Beige, 256 GB)",4.4,"29,696 Ratings","2,624 Reviews","₹31,999","₹26,999"
https://rukminim2.flixcart.com/image/312/312/xif0q/mobile/x/x/b/aura-05i-a663lc-itel-original-imagvhvgrexeffgw.jpeg?q=70,"itel Aura 05i|Leather Finish|4000 Mah Battery|Type C Charging Support (Meadow Green, 32 GB)",4.1,"1,276 Ratings",36 Reviews,"₹6,799","₹5,507"
https://rukminim2.flixcart.com/image/312/312/xif0q/mobile/d/a/v/edge-50-neo-pb330001in-motorola-original-imah4px9tfww9ngh.jpeg?q=70,"Motorola Edge 50 Neo (PANTONE Poinciana, 256 GB)",4.4,"8,311 Ratings",719 Reviews,"₹29,999","₹25,999"
https://rukminim2.flixcart.com/image/312/312/xif0q/mobile/m/h/c/-original-imagtc3h9h6kpbkc.jpeg?q=70,"Apple iPhone 15 Pro Max (White Titanium, 1 TB)",4.6,"2,286 Ratings",159 Reviews,"₹1,99,900","₹1,39,999"
https://rukminim2.flixcart.com/image/312/312/xif0q/mobile/2/r/a/c65-5g-rmx3997-realme-original-imah4yc2xw3ytrxh.jpeg?q=70,"realme C65 5G (Feather Green, 128 GB)",4.3,232 Ratings,10 Reviews,"₹16,999","₹12,484"
https://rukminim2.flixcart.com/image/312/312/xif0q/mobile/b/v/c/12-pro-5g-rmx3840-realme-original-imagxgnkafjjhpmk.jpeg?q=70,"realme 12 Pro+ 5G (Explorer Red, 256 GB)",4.5,"9,911 Ratings",949 Reviews,"₹37,999","₹26,999"
https://rukminim2.flixcart.com/image/312/312/xif0q/mobile/g/t/u/-original-imagxhd5xtjuwnqz.jpeg?q=70,"realme 12 Pro+ 5G (Submarine Blue, 256 GB)",4.5,"9,911 Ratings",949 Reviews,"₹37,999","₹26,999"
https://rukminim2.flixcart.com/image/312/312/xif0q/mobile/u/w/m/c65-5g-rmx3997-realme-original-imah44kfmy2mxzgs.jpeg?q=70,"realme C65 5G (Speedy Red, 128 GB)",4.2,"3,466 Ratings",162 Reviews,"₹14,999","₹10,699"
https://rukminim2.flixcart.com/image/312/312/xif0q/mobile/z/f/g/-original-imagxhd5gqhzszeb.jpeg?q=70,"realme 12 Pro+ 5G (Navigator Beige, 256 GB)",4.5,"9,911 Ratings",949 Reviews,"₹37,999","₹26,999"
https://rukminim2.flixcart.com/image/312/312/xif0q/mobile/w/i/g/-original-imahy99nggt6dbhh.jpeg?q=70,"realme C65 5G (Glowing Black, 128 GB)",4.2,"3,466 Ratings",162 Reviews,"₹14,999","₹10,678"
https://rukminim2.flixcart.com/image/312/312/xif0q/mobile/n/u/z/13-5g-2406ern9ci-redmi-original-imah4ff4gsfdtkgz.jpeg?q=70,"REDMI 13 5G (Orchid Pink, 128 GB)",4.2,"2,545 Ratings",113 Reviews,"₹19,999","₹13,418"
https://rukminim2.flixcart.com/image/312/312/xif0q/mobile/d/f/0/-original-imahfkf6uyxnvmcy.jpeg?q=70,"REDMI 13C 5G (Startrail Silver, 256 GB)",4.2,"6,932 Ratings",346 Reviews,"₹17,999","₹12,999"
https://rukminim2.flixcart.com/image/312/312/xif0q/mobile/x/j/k/galaxy-m35-5g-sm-m356b-samsung-original-imah2z9qpdzzftzr.jpeg?q=70,"SAMSUNG Galaxy M35 5G (Moonlight Blue, 256 GB)",4.4,254 Ratings,16 Reviews,"₹27,499","₹23,845"
https://rukminim2.flixcart.com/image/312/312/xif0q/mobile/x/l/x/-original-imah4dyjhhheybcy.jpeg?q=70,"Infinix Hot 50 5G (Vibrant Blue, 128 GB)",4.3,"1,510 Ratings",104 Reviews,"₹12,999","₹9,999"
https://rukminim2.flixcart.com/image/312/312/xif0q/mobile/r/h/b/v40e-5g-v2403-vivo-original-imah5y74xj3fpgv5.jpeg?q=70,"vivo V40e 5G (Mint Green, 256 GB)",4.4,"1,749 Ratings",141 Reviews,"₹35,999","₹30,999"
https://rukminim2.flixcart.com/image/312/312/xif0q/mobile/j/o/l/-original-imah5y78qbnurfyg.jpeg?q=70,"vivo V40e 5G (Royal Bronze, 256 GB)",4.4,"1,749 Ratings",141 Reviews,"₹35,999","₹30,999"
https://rukminim2.flixcart.com/image/312/312/xif0q/mobile/g/t/u/-original-imagxhd5xtjuwnqz.jpeg?q=70,"realme 12 Pro+ 5G (Submarine Blue, 256 GB)",4.4,"23,119 Ratings","2,758 Reviews","₹35,999","₹31,999"
https://rukminim2.flixcart.com/image/312/312/xif0q/mobile/g/t/u/-original-imagxhd5xtjuwnqz.jpeg?q=70,"realme 12 Pro+ 5G (Submarine Blue, 128 GB)",4.4,"23,119 Ratings","2,758 Reviews","₹34,999","₹29,999"
https://rukminim2.flixcart.com/image/312/312/xif0q/mobile/q/l/t/-original-imah2z7sa7rcmsw6.jpeg?q=70,"Infinix Note 40 Pro 5G (Obsidian Black, 256 GB)",4.2,"26,733 Ratings","1,734 Reviews","₹27,999","₹18,999"
https://rukminim2.flixcart.com/image/312/312/xif0q/mobile/s/y/5/-original-imagwu894yyhyyce.jpeg?q=70,"REDMI Note 13 Pro 5G (Coral Purple, 128 GB)",4.3,"26,195 Ratings","2,092 Reviews","₹28,999","₹18,999"
https://rukminim2.flixcart.com/image/312/312/xif0q/mobile/r/h/b/v40e-5g-v2403-vivo-original-imah5y74xj3fpgv5.jpeg?q=70,"vivo V40e 5G (Mint Green, 256 GB)",4.4,"1,749 Ratings",141 Reviews,"₹35,999","₹30,999"
https://rukminim2.flixcart.com/image/312/312/xif0q/mobile/j/o/l/-original-imah5y78qbnurfyg.jpeg?q=70,"vivo V40e 5G (Royal Bronze, 256 GB)",4.4,"1,749 Ratings",141 Reviews,"₹35,999","₹30,999"
https://rukminim2.flixcart.com/image/312/312/xif0q/mobile/h/v/h/-original-imahfkf6brqzpg76.jpeg?q=70,"REDMI 13C 5G (Startrail Green, 128 GB)",4.2,"18,235 Ratings",772 Reviews,"₹15,999","₹10,999"
https://rukminim2.flixcart.com/image/312/312/xif0q/mobile/7/s/h/-original-imah2pgrrhz2nufs.jpeg?q=70,"realme C63 (Leather Blue, 128 GB)",4.3,"6,201 Ratings",272 Reviews,"₹10,999","₹8,999"
https://rukminim2.flixcart.com/image/312/312/xif0q/mobile/o/m/y/edge-50-pb2w0002in-motorola-original-imah3ancahezgjzh.jpeg?q=70,"MOTOROLA Edge 50 (Peach Fuzz, 256 GB)",4.3,"14,040 Ratings",937 Reviews,"₹32,999","₹27,999"
https://rukminim2.flixcart.com/image/312/312/xif0q/mobile/d/f/0/-original-imahfkf6uyxnvmcy.jpeg?q=70,"REDMI 13C 5G (Startrail Silver, 128 GB)",4.2,"18,235 Ratings",772 Reviews,"₹15,999","₹10,999"
https://rukminim2.flixcart.com/image/312/312/xif0q/mobile/i/w/k/-original-imah3afnzmgfjnrf.jpeg?q=70,"POCO M6 Plus 5G (Graphite Black, 128 GB)",4.2,"14,498 Ratings",835 Reviews,"₹15,999","₹11,499"
https://rukminim2.flixcart.com/image/312/312/xif0q/mobile/p/q/i/-original-imagtc3kfyhgfcvr.jpeg?q=70,"Apple iPhone 15 Pro Max (Natural Titanium, 1 TB)",4.6,"2,286 Ratings",159 Reviews,"₹1,99,900","₹1,39,999"
https://rukminim2.flixcart.com/image/312/312/xif0q/mobile/z/f/g/-original-imagxhd5gqhzszeb.jpeg?q=70,"realme 12 Pro+ 5G (Navigator Beige, 256 GB)",4.4,"23,119 Ratings","2,758 Reviews","₹35,999","₹31,999"
https://rukminim2.flixcart.com/image/312/312/xif0q/mobile/4/8/i/-original-imahy99nvkpewtzy.jpeg?q=70,"realme C65 5G (Feather Green, 64 GB)",4.2,"3,466 Ratings",162 Reviews,"₹13,999","₹10,499"
https://rukminim2.flixcart.com/image/312/312/xif0q/mobile/r/h/b/v40e-5g-v2403-vivo-original-imah5y74xj3fpgv5.jpeg?q=70,"vivo V40e 5G (Mint Green, 128 GB)",4.4,"1,749 Ratings",141 Reviews,"₹33,999","₹28,999"
https://rukminim2.flixcart.com/image/312/312/xif0q/mobile/x/m/u/-original-imagtc4hv5qhegyb.jpeg?q=70,"Apple iPhone 15 Pro (White Titanium, 256 GB)",4.6,"2,590 Ratings",134 Reviews,"₹1,44,900","₹1,13,999"
https://rukminim2.flixcart.com/image/312/312/xif0q/mobile/m/p/y/12-pro-5g-rmx3842-realme-original-imagxgnhafyjz8rb.jpeg?q=70,"realme 12 Pro 5G (Navigator Beige, 128 GB)",4.4,"29,696 Ratings","2,624 Reviews","₹29,999","₹22,999"
https://rukminim2.flixcart.com/image/312/312/xif0q/mobile/g/l/j/-original-imagzrfwkeu2zazh.jpeg?q=70,"REDMI Note 13 5G (Arctic White, 256 GB)",4.2,"10,104 Ratings",590 Reviews,"₹22,999","₹15,768"
https://rukminim2.flixcart.com/image/312/312/xif0q/mobile/i/n/5/c65-5g-rmx3997-realme-original-imah4bffzkpcymcp.jpeg?q=70,"realme C65 5G (Speedy Red, 128 GB)",4.3,232 Ratings,10 Reviews,"₹16,999","₹14,999"
https://rukminim2.flixcart.com/image/312/312/xif0q/mobile/g/x/h/-original-imagtc3k6zztrhnb.jpeg?q=70,"Apple iPhone 15 Pro Max (Blue Titanium, 512 GB)",4.6,"2,286 Ratings",159 Reviews,"₹1,79,900","₹1,31,999"
https://rukminim2.flixcart.com/image/312/312/xif0q/mobile/o/h/m/-original-imah4jywmcz5ysz3.jpeg?q=70,"Apple iPhone 16 Pro (Natural Titanium, 256 GB)",4.7,389 Ratings,23 Reviews,,"₹1,29,900"
https://rukminim2.flixcart.com/image/312/312/xif0q/mobile/u/q/a/p-55-5g-p555g-itel-original-imah2ysrcsjbkdqx.jpeg?q=70,"itel P 55 5G (Mint Green, 128 GB)",4.3,144 Ratings,8 Reviews,"₹13,499","₹8,972"
https://rukminim2.flixcart.com/image/312/312/xif0q/mobile/d/f/i/-original-imah4yj9eengydz4.jpeg?q=70,"realme 70 TURBO 5G (Turbo Yellow, 128 GB)",4.3,484 Ratings,38 Reviews,"₹19,999","₹16,278"
https://rukminim2.flixcart.com/image/312/312/xif0q/mobile/7/j/v/-original-imah4yj99qzsfqfb.jpeg?q=70,"realme 70 TURBO 5G (Turbo Green, 128 GB)",4.3,484 Ratings,38 Reviews,"₹19,999","₹15,699"
https://rukminim2.flixcart.com/image/312/312/xif0q/mobile/r/5/d/c65-5g-rmx3997-realme-original-imah4zevfzgxameu.jpeg?q=70,"realme C65 5G (Glowing Black, 128 GB)",4.3,232 Ratings,10 Reviews,"₹16,999","₹12,463"
https://rukminim2.flixcart.com/image/312/312/xif0q/mobile/n/z/k/narzo-70x-5g-rmx3998-realme-original-imah4e8scqvfz6pf.jpeg?q=70,"realme NARZO 70X 5G (Forest Green, 128 GB)",4.2,"1,158 Ratings",56 Reviews,"₹18,999","₹13,748"
https://rukminim2.flixcart.com/image/312/312/xif0q/mobile/y/u/3/-original-imaggsuddwubypxp.jpeg?q=70,"Google Pixel 7 (Obsidian, 128 GB)",4.3,"16,928 Ratings","1,910 Reviews","₹59,999","₹33,999"
https://rukminim2.flixcart.com/image/312/312/xif0q/mobile/d/f/i/-original-imah4yj9eengydz4.jpeg?q=70,"realme 70 TURBO 5G (Turbo Yellow, 128 GB)",4.4,386 Ratings,29 Reviews,"₹20,999","₹17,479"
https://rukminim2.flixcart.com/image/312/312/xif0q/mobile/r/u/k/-original-imah38dbzpraunnj.jpeg?q=70,"realme 13 Pro+ 5G (Monet Gold, 256 GB)",4.4,"3,742 Ratings",337 Reviews,"₹38,999","₹34,999"
https://rukminim2.flixcart.com/image/312/312/xif0q/mobile/d/f/i/-original-imah4yj9eengydz4.jpeg?q=70,"realme 70 TURBO 5G (Turbo Yellow, 128 GB)",4.4,386 Ratings,29 Reviews,"₹20,999","₹17,479"
https://rukminim2.flixcart.com/image/312/312/xif0q/mobile/7/j/v/-original-imah4yj99qzsfqfb.jpeg?q=70,"realme 70 TURBO 5G (Turbo Green, 128 GB)",4.4,386 Ratings,29 Reviews,"₹20,999","₹16,680"
https://rukminim2.flixcart.com/image/312/312/xif0q/mobile/g/1/p/-original-imagy2v5kfnq97xn.jpeg?q=70,"POCO C65 (Pastel Green, 256 GB)",4.2,"12,052 Ratings",674 Reviews,"₹13,499","₹10,999"
https://rukminim2.flixcart.com/image/312/312/xif0q/mobile/i/d/d/-original-imah2fzbzyaffbzj.jpeg?q=70,"Infinix Note 40 5G (Obsidian Black, 256 GB)",4.1,"3,895 Ratings",402 Reviews,"₹24,999","₹15,999"
https://rukminim2.flixcart.com/image/312/312/xif0q/mobile/e/y/x/-original-imagtwh5zrcy9hfj.jpeg?q=70,"Google Pixel 8 (Hazel, 128 GB)",4.4,"14,112 Ratings","1,073 Reviews","₹75,999","₹42,999"
https://rukminim2.flixcart.com/image/312/312/xif0q/mobile/n/0/q/-original-imagtwh6ehjjzqhu.jpeg?q=70,"Google Pixel 8 (Obsidian, 128 GB)",4.4,"14,112 Ratings","1,073 Reviews","₹75,999","₹42,999"
https://rukminim2.flixcart.com/image/312/312/xif0q/mobile/e/y/x/-original-imagtwh5zrcy9hfj.jpeg?q=70,"Google Pixel 8 (Hazel, 256 GB)",4.4,"14,112 Ratings","1,073 Reviews","₹82,999","₹47,999"
https://rukminim2.flixcart.com/image/312/312/xif0q/mobile/3/r/l/-original-imagxgauvgvcretu.jpeg?q=70,"Google Pixel 8 (Mint, 128 GB)",4.4,"14,112 Ratings","1,073 Reviews","₹75,999","₹42,999"
https://rukminim2.flixcart.com/image/312/312/xif0q/mobile/y/u/3/-original-imaggsuddwubypxp.jpeg?q=70,"Google Pixel 7 (Obsidian, 128 GB)",4.3,"16,928 Ratings","1,910 Reviews","₹59,999","₹33,999"
https://rukminim2.flixcart.com/image/312/312/xif0q/mobile/p/r/b/-original-imahfsy4pxhju98w.jpeg?q=70,"Infinix Note 40 Pro+ 5G (Vintage Green, 256 GB)",4.2,"2,430 Ratings",206 Reviews,"₹32,999","₹21,999"
https://rukminim2.flixcart.com/image/312/312/xif0q/mobile/i/y/g/-original-imah4yj9f8twjgzh.jpeg?q=70,"realme 70 TURBO 5G (Turbo Purple, 128 GB)",4.4,386 Ratings,29 Reviews,"₹20,999","₹18,495"
https://rukminim2.flixcart.com/image/312/312/xif0q/mobile/p/y/k/-original-imah4t2mazqcnkrh.jpeg?q=70,"realme P2 Pro 5G (Parrot Green, 512 GB)",4.4,"2,540 Ratings",175 Reviews,"₹30,999","₹27,999"
https://rukminim2.flixcart.com/image/312/312/xif0q/mobile/z/s/y/-original-imah4smtchzwyhgs.jpeg?q=70,"REDMI 13 5G (Black Diamond, 128 GB)",4.2,"12,182 Ratings",552 Reviews,"₹17,999","₹12,999"
https://rukminim2.flixcart.com/image/312/312/xif0q/mobile/r/k/a/-original-imah4jyfyrpxfhtk.jpeg?q=70,"Apple iPhone 16 (Teal, 256 GB)",4.6,"1,429 Ratings",46 Reviews,,"₹89,900"
https://rukminim2.flixcart.com/image/312/312/xif0q/mobile/j/0/o/-original-imah5mtmrtwcmgdv.jpeg?q=70,"Google Pixel 9 Pro (Porcelain, 256 GB)",4.6,100 Ratings,24 Reviews,,"₹1,09,999"
https://rukminim2.flixcart.com/image/312/312/xif0q/mobile/f/y/e/-original-imah4jykc3knhq3b.jpeg?q=70,"Apple iPhone 16 Plus (Black, 256 GB)",4.7,345 Ratings,26 Reviews,,"₹99,900"
https://rukminim2.flixcart.com/image/312/312/xif0q/mobile/n/i/d/-original-imagpgx4erjqnpzx.jpeg?q=70,"Google Pixel 7a (Charcoal, 128 GB)",4.1,"23,161 Ratings","2,335 Reviews","₹43,999","₹30,999"
https://rukminim2.flixcart.com/image/312/312/xif0q/mobile/l/x/c/-original-imagx6rdpmhuq5ba.jpeg?q=70,"realme 12 Pro 5G (Submarine Blue, 256 GB)",4.4,"10,264 Ratings",637 Reviews,"₹33,999","₹24,999"
https://rukminim2.flixcart.com/image/312/312/xif0q/mobile/l/x/c/-original-imagx6rdpmhuq5ba.jpeg?q=70,"realme 12 Pro 5G (Submarine Blue, 128 GB)",4.4,"29,696 Ratings","2,624 Reviews","₹29,999","₹22,999"
https://rukminim2.flixcart.com/image/312/312/xif0q/mobile/m/p/y/12-pro-5g-rmx3842-realme-original-imagxgnhafyjz8rb.jpeg?q=70,"realme 12 Pro 5G (Navigator Beige, 256 GB)",4.4,"10,264 Ratings",637 Reviews,"₹33,999","₹24,999"
https://rukminim2.flixcart.com/image/312/312/xif0q/mobile/w/2/e/-original-imahyukdsyez5mnf.jpeg?q=70,"SAMSUNG Galaxy A55 5G (Awesome Navy, 128 GB)",4.4,494 Ratings,49 Reviews,"₹42,999","₹39,999"
https://rukminim2.flixcart.com/image/312/312/xif0q/mobile/i/y/g/-original-imah4yj9f8twjgzh.jpeg?q=70,"realme 70 TURBO 5G (Turbo Purple, 128 GB)",4.3,484 Ratings,38 Reviews,"₹19,999","₹16,998"
https://rukminim2.flixcart.com/image/312/312/xif0q/mobile/2/4/q/-original-imah5mtmgaahtr78.jpeg?q=70,"Google Pixel 9 Pro (Hazel, 256 GB)",4.6,100 Ratings,24 Reviews,,"₹1,09,999"
https://rukminim2.flixcart.com/image/312/312/xif0q/mobile/r/b/s/-original-imah2hfpqxjnkvts.jpeg?q=70,"REDMI A3X (Olive Green, 128 GB)",4,103 Ratings,6 Reviews,"₹10,999","₹7,999"
https://rukminim2.flixcart.com/image/312/312/xif0q/mobile/4/f/r/-original-imah5ywfzzjzfkcn.jpeg?q=70,"SAMSUNG Galaxy S23 FE (Purple, 256 GB)",4.3,"52,283 Ratings","3,019 Reviews","₹84,999","₹37,999"
https://rukminim2.flixcart.com/image/312/312/xif0q/mobile/r/d/r/z9-lite-5g-i2306-iqoo-original-imah3fddgzzvmyhq.jpeg?q=70,"IQOO Z9 Lite 5G (Aqua Flow, 128 GB)",4.3,"1,874 Ratings",65 Reviews,"₹15,499","₹11,590"
https://rukminim2.flixcart.com/image/312/312/xif0q/mobile/2/p/3/z9-lite-5g-i2306-iqoo-original-imah34q2yghpdwn9.jpeg?q=70,"IQOO Z9 Lite 5G (Mocha Brown, 128 GB)",4.3,"1,874 Ratings",65 Reviews,"₹15,499","₹11,477"
https://rukminim2.flixcart.com/image/312/312/xif0q/mobile/k/a/l/z7-pro-5g-5665162-iqoo-original-imah2fwrzxzhtpdy.jpeg?q=70,"IQOO Z7 Pro 5G (Graphite Matte, 256 GB)",4.4,"8,577 Ratings",525 Reviews,"₹27,999","₹21,999"
https://rukminim2.flixcart.com/image/312/312/xif0q/mobile/9/x/f/-original-imagxtnehfg5pcwt.jpeg?q=70,"Infinix HOT 40i (Palm Blue, 256 GB)",4.1,"19,445 Ratings","1,138 Reviews","₹10,999","₹9,999"
https://rukminim2.flixcart.com/image/312/312/xif0q/mobile/q/n/s/-original-imah4jyfrgsbebg9.jpeg?q=70,"Apple iPhone 16 (Ultramarine, 128 GB)",4.6,"1,429 Ratings",46 Reviews,,"₹79,900"
https://rukminim2.flixcart.com/image/312/312/xif0q/mobile/x/0/4/-original-imagxaqu3samghjd.jpeg?q=70,"REDMI 12 5G (Pastel Blue, 256 GB)",4.2,"34,699 Ratings","2,011 Reviews","₹19,999","₹12,999"
https://rukminim2.flixcart.com/image/312/312/xif0q/mobile/a/d/w/-original-imah48ffmhjfyygy.jpeg?q=70,"realme 13 Pro+ 5G (Monet Purple, 256 GB)",4.4,"3,742 Ratings",337 Reviews,"₹38,999","₹34,999"
https://rukminim2.flixcart.com/image/312/312/xif0q/mobile/p/q/i/-original-imagtc3kfyhgfcvr.jpeg?q=70,"Apple iPhone 15 Pro Max (Natural Titanium, 512 GB)",4.6,"2,286 Ratings",159 Reviews,"₹1,79,900","₹1,31,999"
https://rukminim2.flixcart.com/image/312/312/xif0q/mobile/g/f/i/galaxy-a15-5g-sm-a156ezbnins-samsung-original-imagwkgzv7vs8zd2.jpeg?q=70,"SAMSUNG Galaxy A15 5G (Blue, 128 GB)",4.2,"2,581 Ratings",163 Reviews,"₹21,510","₹16,670"
https://rukminim2.flixcart.com/image/312/312/xif0q/mobile/a/s/o/-original-imah4smtz8yqfbd9.jpeg?q=70,"REDMI 13 5G (Hawaiian Blue, 128 GB)",4.2,"2,545 Ratings",113 Reviews,"₹19,999","₹14,499"
https://rukminim2.flixcart.com/image/312/312/xif0q/mobile/j/d/e/-original-imah4mdfaydhwqc8.jpeg?q=70,"POCO X6 5G (Mirror Black, 512 GB)",4.3,"7,883 Ratings",700 Reviews,"₹27,999","₹19,999"
https://rukminim2.flixcart.com/image/312/312/xif0q/mobile/q/p/q/-original-imagy5wfcgybpq5x.jpeg?q=70,"OnePlus 12R (Iron Grey, 256 GB)",4.5,"3,313 Ratings",202 Reviews,"₹45,999","₹41,799"
https://rukminim2.flixcart.com/image/312/312/xif0q/mobile/a/r/5/-original-imagtc3kcmph6ax5.jpeg?q=70,"Apple iPhone 15 Pro Max (Black Titanium, 512 GB)",4.6,"2,286 Ratings",159 Reviews,"₹1,79,900","₹1,31,999"
https://rukminim2.flixcart.com/image/312/312/xif0q/mobile/r/u/9/-original-imah5wxnktvffhgq.jpeg?q=70,"OnePlus Nord CE4 lite 5G (SUPER SILVER, 256 GB)",4.4,"5,684 Ratings",238 Reviews,"₹23,987","₹22,980"
https://rukminim2.flixcart.com/image/312/312/xif0q/mobile/0/v/h/z9x-i2219-iqoo-original-imah3gnerz9yggjt.jpeg?q=70,"IQOO Z9x (Storm Grey, 128 GB)",4.2,911 Ratings,36 Reviews,"₹17,999","₹12,668"
https://rukminim2.flixcart.com/image/312/312/xif0q/mobile/6/s/2/narzo-70x-5g-rmx3998-realme-original-imah36yvtawhnusm.jpeg?q=70,"realme NARZO 70X 5G (Ice Blue, 128 GB)",4.2,"1,158 Ratings",56 Reviews,"₹18,999","₹12,795"
https://rukminim2.flixcart.com/image/312/312/xif0q/mobile/r/u/k/-original-imah38dbzpraunnj.jpeg?q=70,"realme 13 Pro+ 5G (Monet Gold, 512 GB)",4.4,"3,742 Ratings",337 Reviews,"₹40,999","₹36,999"
https://rukminim2.flixcart.com/image/312/312/xif0q/mobile/2/s/y/-original-imah38dbntayzhpk.jpeg?q=70,"realme 13 Pro+ 5G (Emerald Green, 512 GB)",4.4,"3,742 Ratings",337 Reviews,"₹40,999","₹36,999"
https://rukminim2.flixcart.com/image/312/312/xif0q/mobile/2/s/y/-original-imah38dbntayzhpk.jpeg?q=70,"realme 13 Pro+ 5G (Emerald Green, 256 GB)",4.4,"3,742 Ratings",337 Reviews,"₹38,999","₹34,999"
https://rukminim2.flixcart.com/image/312/312/xif0q/mobile/1/1/s/-original-imagwu89jy5ems28.jpeg?q=70,"REDMI Note 13 Pro 5G (Midnight Black, 256 GB)",4.3,"6,520 Ratings",474 Reviews,"₹32,999","₹21,294"
https://rukminim2.flixcart.com/image/312/312/xif0q/mobile/0/w/u/narzo-70x-5g-rmx3998-realme-original-imahyfd8gaajwugd.jpeg?q=70,"realme NARZO 70X 5G (FOREST GREEN, 128 GB)",4.3,"3,225 Ratings",130 Reviews,"₹17,999","₹13,184"
https://rukminim2.flixcart.com/image/312/312/xif0q/mobile/w/t/c/-original-imah2hfpxtwagduh.jpeg?q=70,"REDMI A3X (Midnight Black, 64 GB)",4.2,"1,050 Ratings",36 Reviews,"₹9,999","₹6,999"
https://rukminim2.flixcart.com/image/312/312/xif0q/mobile/a/r/5/-original-imagtc3kcmph6ax5.jpeg?q=70,"Apple iPhone 15 Pro Max (Black Titanium, 512 GB)",4.6,"2,286 Ratings",159 Reviews,"₹1,79,900","₹1,31,999"
https://rukminim2.flixcart.com/image/312/312/xif0q/mobile/w/t/c/-original-imah2hfpxtwagduh.jpeg?q=70,"REDMI A3X (Midnight Black, 64 GB)",4.2,"1,050 Ratings",36 Reviews,"₹9,999","₹6,999"
https://rukminim2.flixcart.com/image/312/312/xif0q/mobile/b/v/c/12-pro-5g-rmx3840-realme-original-imagxgnkafjjhpmk.jpeg?q=70,"realme 12 Pro+ 5G (Explorer Red, 256 GB)",4.4,"23,119 Ratings","2,758 Reviews","₹35,999","₹31,999"
https://rukminim2.flixcart.com/image/312/312/xif0q/mobile/z/4/r/-original-imagtc4g22rcatjg.jpeg?q=70,"Apple iPhone 15 Pro (Blue Titanium, 256 GB)",4.6,"2,590 Ratings",134 Reviews,"₹1,44,900","₹1,13,999"
https://rukminim2.flixcart.com/image/312/312/xif0q/mobile/1/1/s/-original-imagwu89jy5ems28.jpeg?q=70,"REDMI Note 13 Pro 5G (Midnight Black, 128 GB)",4.3,"26,195 Ratings","2,092 Reviews","₹28,999","₹18,985"
https://rukminim2.flixcart.com/image/312/312/xif0q/mobile/1/y/k/nord-ce4-cph2613-oneplus-original-imagzndegwfrwung.jpeg?q=70,"OnePlus Nord CE4 (Dark Chrome, 256 GB)",4.4,"15,683 Ratings",901 Reviews,"₹26,999","₹26,465"
https://rukminim2.flixcart.com/image/312/312/xif0q/mobile/1/y/k/nord-ce4-cph2613-oneplus-original-imagzndegwfrwung.jpeg?q=70,"OnePlus Nord CE4 (Dark Chrome, 128 GB)",4.4,"15,683 Ratings",901 Reviews,"₹24,999","₹23,744"
https://rukminim2.flixcart.com/image/312/312/xif0q/mobile/l/l/s/g64-5g-pb2e0003in-motorola-original-imagzzd3qda9rfzt.jpeg?q=70,"Motorola g64 5G (Ice Lilac, 128 GB)",4.2,"34,585 Ratings","2,205 Reviews","₹17,999","₹14,999"
https://rukminim2.flixcart.com/image/312/312/xif0q/mobile/x/1/d/-original-imah4k7jftvdgkmy.jpeg?q=70,"Tecno Pova 6 Neo (Azure Sky, 128 GB)",4.3,286 Ratings,27 Reviews,"₹15,999","₹12,999"
https://rukminim2.flixcart.com/image/312/312/xif0q/mobile/9/l/v/-original-imah4mdfseheaf3x.jpeg?q=70,"POCO X6 Pro 5G (Yellow, 256 GB)",4.3,"16,643 Ratings","1,841 Reviews","₹30,999","₹22,999"
https://rukminim2.flixcart.com/image/312/312/xif0q/mobile/a/d/w/-original-imah48ffmhjfyygy.jpeg?q=70,"realme 13 Pro+ 5G (Monet Purple, 256 GB)",4.5,"5,962 Ratings",598 Reviews,"₹36,999","₹32,999"
https://rukminim2.flixcart.com/image/312/312/xif0q/mobile/k/c/b/galaxy-a15-5g-sm-a156ezkpins-samsung-original-imah3r43gdexw4ne.jpeg?q=70,"SAMSUNG Galaxy A15 5G (Blue Black, 128 GB)",4.2,"2,581 Ratings",163 Reviews,"₹21,499","₹16,464"
https://rukminim2.flixcart.com/image/312/312/xif0q/mobile/l/n/o/z9x-v2353a-iqoo-original-imahf3w65z4g4fhq.jpeg?q=70,"IQOO Z9X (Tornado Green, 128 GB)",4.3,"1,083 Ratings",35 Reviews,"₹23,000","₹16,850"
https://rukminim2.flixcart.com/image/312/312/xif0q/mobile/m/1/7/gt-6-rmx3851-realme-original-imah2y7ewhzjpfhd.jpeg?q=70,"realme GT 6 (Razor Green, 512 GB)",4.5,"2,358 Ratings",255 Reviews,"₹51,999","₹44,999"
https://rukminim2.flixcart.com/image/312/312/xif0q/mobile/l/i/a/-original-imah2y7hazjdbrzh.jpeg?q=70,"realme GT 6 (Fluid Silver, 512 GB)",4.5,"2,358 Ratings",255 Reviews,"₹51,999","₹44,999"
https://rukminim2.flixcart.com/image/312/312/xif0q/mobile/9/l/v/-original-imah4mdfseheaf3x.jpeg?q=70,"POCO X6 Pro 5G (Yellow, 512 GB)",4.3,"13,871 Ratings","1,554 Reviews","₹32,999","₹24,999"
https://rukminim2.flixcart.com/image/312/312/xif0q/mobile/p/8/i/-original-imagwu89u7fgsq4b.jpeg?q=70,"REDMI Note 13 Pro 5G (Arctic White, 128 GB)",4.3,"26,195 Ratings","2,092 Reviews","₹28,999","₹22,999"
https://rukminim2.flixcart.com/image/312/312/xif0q/mobile/i/a/r/-original-imagtrf9qm3dufq9.jpeg?q=70,"Google Pixel 7a (Coral, 128 GB)",4.1,"23,161 Ratings","2,335 Reviews","₹43,999","₹30,999"
https://rukminim2.flixcart.com/image/312/312/xif0q/mobile/d/i/7/-original-imagys8jfmstgyug.jpeg?q=70,"POCO M6 5G - Locked with Airtel Prepaid (Orion Blue, 128 GB)",4.2,"93,135 Ratings","4,428 Reviews","₹12,999","₹8,499"
https://rukminim2.flixcart.com/image/312/312/xif0q/mobile/2/s/y/-original-imah38dbntayzhpk.jpeg?q=70,"realme 13 Pro+ 5G (Emerald Green, 256 GB)",4.5,"5,962 Ratings",598 Reviews,"₹36,999","₹32,999"
https://rukminim2.flixcart.com/image/312/312/xif0q/mobile/r/u/k/-original-imah38dbzpraunnj.jpeg?q=70,"realme 13 Pro+ 5G (Monet Gold, 256 GB)",4.5,"5,962 Ratings",598 Reviews,"₹36,999","₹32,999"
https://rukminim2.flixcart.com/image/312/312/xif0q/mobile/q/p/q/-original-imagy5wfcgybpq5x.jpeg?q=70,"OnePlus 12R (Iron Grey, 256 GB)",4.5,"3,313 Ratings",202 Reviews,"₹45,999","₹41,891"
https://rukminim2.flixcart.com/image/312/312/xif0q/mobile/d/y/m/pixel-9-ga05843-in-google-original-imah3pfgd9zadkyx.jpeg?q=70,"Google Pixel 9 (Porcelain, 256 GB)",4.6,"1,444 Ratings",155 Reviews,,"₹79,999"
https://rukminim2.flixcart.com/image/312/312/xif0q/mobile/l/i/a/-original-imah2y7hazjdbrzh.jpeg?q=70,"realme GT 6 (Fluid Silver, 256 GB)",4.5,"1,411 Ratings",175 Reviews,"₹43,999","₹40,999"
https://rukminim2.flixcart.com/image/312/312/xif0q/mobile/m/1/7/gt-6-rmx3851-realme-original-imah2y7ewhzjpfhd.jpeg?q=70,"realme GT 6 (Razor Green, 256 GB)",4.4,656 Ratings,63 Reviews,"₹46,999","₹42,999"
https://rukminim2.flixcart.com/image/312/312/xif0q/mobile/m/1/7/gt-6-rmx3851-realme-original-imah2y7ewhzjpfhd.jpeg?q=70,"realme GT 6 (Razor Green, 256 GB)",4.5,"1,411 Ratings",175 Reviews,"₹43,999","₹40,999"
https://rukminim2.flixcart.com/image/312/312/xif0q/mobile/l/2/y/-original-imaggswcffkgcupp.jpeg?q=70,"Google Pixel 7 (Lemongrass, 128 GB)",4.3,"16,928 Ratings","1,910 Reviews","₹59,999","₹33,999"
https://rukminim2.flixcart.com/image/312/312/xif0q/mobile/g/x/9/-original-imaggsudg5fufyte.jpeg?q=70,"Google Pixel 7 (Snow, 128 GB)",4.3,"16,928 Ratings","1,910 Reviews","₹59,999","₹33,999"
https://rukminim2.flixcart.com/image/312/312/xif0q/mobile/r/s/6/-original-imagtwh4bzret3a8.jpeg?q=70,"Google Pixel 8 (Rose, 128 GB)",4.4,"14,112 Ratings","1,073 Reviews","₹75,999","₹42,999"
https://rukminim2.flixcart.com/image/312/312/xif0q/mobile/p/p/h/m15-5g-sm-m156b-samsung-original-imagzrpu6kkrxgeg.jpeg?q=70,"SAMSUNG galaxy M15 5G (Celestrial Blue, 128 GB)",4.2,34 Ratings,2 Reviews,"₹17,999","₹16,949"
https://rukminim2.flixcart.com/image/312/312/xif0q/mobile/g/v/p/-original-imah4jyfveygyubc.jpeg?q=70,"Apple iPhone 16 (White, 128 GB)",4.6,"1,429 Ratings",46 Reviews,,"₹79,900"
https://rukminim2.flixcart.com/image/312/312/xif0q/mobile/f/h/n/pixel-8a-ga05570-in-google-original-imahyn3ncc6gcfnc.jpeg?q=70,"Google Pixel 8a (Bay, 128 GB)",4.2,"1,392 Ratings",149 Reviews,"₹52,999","₹43,999"
https://rukminim2.flixcart.com/image/312/312/xif0q/mobile/2/t/7/13-5g-2406ern9ci-redmi-original-imah3gnsfhkrweza.jpeg?q=70,"REDMI 13 5G (Hawaiian Blue, 128 GB)",4.2,"12,182 Ratings",552 Reviews,"₹17,999","₹12,185"
https://rukminim2.flixcart.com/image/312/312/xif0q/mobile/q/b/g/-original-imah3zznscgh3fgk.jpeg?q=70,"Google Pixel 9 Pro XL (Porcelain, 256 GB)",4.6,442 Ratings,37 Reviews,,"₹1,24,999"
https://rukminim2.flixcart.com/image/312/312/xif0q/mobile/o/o/x/pova-6-neo-kl8-tecno-original-imah5g86ggfhkgpz.jpeg?q=70,"Tecno Pova 6 Neo (Midnight Shadow, 256 GB)",4.2,496 Ratings,51 Reviews,"₹16,999","₹13,999"
https://rukminim2.flixcart.com/image/312/312/xif0q/mobile/j/h/x/-original-imah4jykuzexdzek.jpeg?q=70,"Apple iPhone 16 Plus (White, 256 GB)",4.7,345 Ratings,26 Reviews,,"₹99,900"
https://rukminim2.flixcart.com/image/312/312/xif0q/mobile/k/b/x/galaxy-a15-5g-sm-a156ezknins-samsung-original-imagwkgyvgfsza34.jpeg?q=70,"SAMSUNG Galaxy A15 5G (Blue Black, 128 GB)",4.3,"1,181 Ratings",55 Reviews,"₹19,999","₹17,999"
https://rukminim2.flixcart.com/image/312/312/xif0q/mobile/0/a/s/m15-5g-sm-m156b-samsung-original-imagzrzxzea6ckhz.jpeg?q=70,"SAMSUNG Galaxy M15 5G (Blue Topaz, 128 GB)",4.2,"2,047 Ratings",89 Reviews,"₹16,999","₹14,490"
https://rukminim2.flixcart.com/image/312/312/xif0q/mobile/z/x/x/galaxy-m14-4g-sm-m145f-samsung-original-imagys3yj4nfh5bs.jpeg?q=70,"SAMSUNG Galaxy M14 4G (Sapphire Blue, 64 GB)",4.1,"2,076 Ratings",81 Reviews,"₹13,999","₹8,399"
https://rukminim2.flixcart.com/image/312/312/xif0q/mobile/y/p/f/galaxy-m14-4g-sm-m145f-ds-samsung-original-imah2hupupcwggdq.jpeg?q=70,"SAMSUNG Galaxy M14 4G (Arctic Blue, 64 GB)",4.1,"2,076 Ratings",81 Reviews,"₹14,999","₹8,920"
https://rukminim2.flixcart.com/image/312/312/xif0q/mobile/h/f/w/-original-imags37hy7uz2usv.jpeg?q=70,"REDMI 12 (Jade Black, 128 GB)",4.2,"68,024 Ratings","4,104 Reviews","₹15,999","₹7,999"
https://rukminim2.flixcart.com/image/312/312/xif0q/mobile/5/s/p/-original-imah4mdfkwbz79gn.jpeg?q=70,"POCO X6 Pro 5G (Racing Grey, 256 GB)",4.3,"16,643 Ratings","1,841 Reviews","₹30,999","₹22,999"
https://rukminim2.flixcart.com/image/312/312/xif0q/mobile/s/8/d/pixel-8a-ga04988-in-google-original-imahyn3mskjbwphw.jpeg?q=70,"Google Pixel 8a (Porcelain, 128 GB)",4.2,"1,392 Ratings",149 Reviews,"₹52,999","₹43,999"
https://rukminim2.flixcart.com/image/312/312/xif0q/mobile/j/c/o/-original-imah3xvkqv9ambzx.jpeg?q=70,"SAMSUNG Galaxy A35 5G (Awesome Iceblue, 128 GB)",4.3,"2,404 Ratings",182 Reviews,"₹33,999","₹30,999"
https://rukminim2.flixcart.com/image/312/312/xif0q/mobile/a/r/5/-original-imagtc3kcmph6ax5.jpeg?q=70,"Apple iPhone 15 Pro Max (Black Titanium, 256 GB)",4.6,"2,286 Ratings",159 Reviews,"₹1,59,900","₹1,23,999"
https://rukminim2.flixcart.com/image/312/312/xif0q/mobile/t/h/6/-original-imagnrhk2jpnnajr.jpeg?q=70,"SAMSUNG Galaxy A54 5G (Awesome Violet, 128 GB)",4.3,"4,043 Ratings",345 Reviews,"₹41,999","₹35,499"
https://rukminim2.flixcart.com/image/312/312/xif0q/mobile/r/k/a/-original-imah4jyfyrpxfhtk.jpeg?q=70,"Apple iPhone 16 (Teal, 128 GB)",4.6,"1,429 Ratings",46 Reviews,,"₹79,900"
https://rukminim2.flixcart.com/image/312/312/xif0q/mobile/s/i/c/galaxy-a15-5g-sm-a156elbnins-samsung-original-imagwkgykezdha6z.jpeg?q=70,"SAMSUNG Galaxy A15 5G (Light Blue, 128 GB)",4.2,"2,581 Ratings",163 Reviews,"₹21,499","₹17,490"
https://rukminim2.flixcart.com/image/312/312/xif0q/mobile/q/m/7/c63-5g-rmx3950-realme-original-imah3nghyesejss8.jpeg?q=70,"realme C63 5G Charger in the Box (Starry Gold, 128 GB)",4.5,"7,943 Ratings",211 Reviews,"₹13,999","₹11,999"
https://rukminim2.flixcart.com/image/312/312/xif0q/mobile/u/8/w/-original-imah4jz6qhwgukgt.jpeg?q=70,"Apple iPhone 16 Pro Max (Natural Titanium, 256 GB)",4.6,254 Ratings,28 Reviews,,"₹1,44,900"
https://rukminim2.flixcart.com/image/312/312/xif0q/mobile/s/w/4/-original-imah3ngrcytpghqx.jpeg?q=70,"realme C63 5G Charger in the Box (Forest Green, 128 GB)",4.5,"7,943 Ratings",211 Reviews,"₹13,999","₹11,999"
https://rukminim2.flixcart.com/image/312/312/xif0q/mobile/0/q/d/-original-imagtc4hzawdcp4g.jpeg?q=70,"Apple iPhone 15 Pro (Black Titanium, 512 GB)",4.6,"2,590 Ratings",134 Reviews,"₹1,64,900","₹1,21,999"
https://rukminim2.flixcart.com/image/312/312/xif0q/mobile/p/l/j/-original-imah4mdg83jmzzm4.jpeg?q=70,"POCO X6 5G (Snowstorm White, 256 GB)",4.3,"24,610 Ratings","2,408 Reviews","₹24,999","₹17,999"
https://rukminim2.flixcart.com/image/312/312/xif0q/mobile/x/j/m/-original-imagwubk2ky9v2gz.jpeg?q=70,"REDMI Note 13 Pro+ 5G (Fusion Black, 256 GB)",4.2,"8,450 Ratings",785 Reviews,"₹35,999","₹26,280"
https://rukminim2.flixcart.com/image/312/312/xif0q/mobile/e/x/e/-original-imah4jyw4fpqe7ru.jpeg?q=70,"Apple iPhone 16 Pro (Black Titanium, 128 GB)",4.7,389 Ratings,23 Reviews,,"₹1,19,900"
https://rukminim2.flixcart.com/image/312/312/xif0q/mobile/1/r/z/narzo-n61-narzo-n61-realme-original-imah4ff7syhrqwnh.jpeg?q=70,"realme Narzo N61 (Marble Black, 64 GB)",4.2,430 Ratings,15 Reviews,,"₹8,643"
https://rukminim2.flixcart.com/image/312/312/xif0q/mobile/a/d/w/-original-imah48ffmhjfyygy.jpeg?q=70,"realme 13 Pro+ 5G (Monet Purple, 512 GB)",4.4,"3,742 Ratings",337 Reviews,"₹40,999","₹36,999"
https://rukminim2.flixcart.com/image/312/312/xif0q/mobile/g/g/h/-original-imah4gzvtfcbtbyg.jpeg?q=70,"POCO F6 5G (Black, 256 GB)",4.3,"7,620 Ratings",676 Reviews,"₹33,999","₹25,999"
https://rukminim2.flixcart.com/image/312/312/xif0q/mobile/n/m/f/g34-5g-pb1v0002in-motorola-original-imagwu4rayqhgfjh.jpeg?q=70,"Motorola G34 5G (Ocean Green, 128 GB)",4.2,"47,351 Ratings","3,559 Reviews","₹13,999","₹10,999"
https://rukminim2.flixcart.com/image/312/312/xif0q/mobile/x/m/u/-original-imagtc4hv5qhegyb.jpeg?q=70,"Apple iPhone 15 Pro (White Titanium, 1 TB)",4.6,"2,590 Ratings",134 Reviews,"₹1,84,900","₹1,29,999"
https://rukminim2.flixcart.com/image/312/312/xif0q/mobile/r/z/1/a3-mzb0gnyin-redmi-original-imagy2wsmxhzdmbq.jpeg?q=70,"REDMI A3 (Lake Blue, 128 GB)",4,"1,497 Ratings",66 Reviews,"₹11,999","₹8,188"
https://rukminim2.flixcart.com/image/312/312/xif0q/mobile/u/i/k/z9x-i2219-iqoo-original-imah3vjyryhhvxju.jpeg?q=70,"IQOO Z9x (Tornado Green, 128 GB)",4.2,911 Ratings,36 Reviews,"₹17,999","₹12,679"
https://rukminim2.flixcart.com/image/312/312/xif0q/mobile/v/m/t/-original-imah4vajdzvhhpkd.jpeg?q=70,"realme 12x 5G (Coral Red, 128 GB)",4.4,"83,321 Ratings","3,853 Reviews","₹17,999","₹12,499"
https://rukminim2.flixcart.com/image/312/312/xif0q/mobile/s/w/4/-original-imah3ngrcytpghqx.jpeg?q=70,"realme C63 5G Charger in the Box (Forest Green, 128 GB)",4.4,"1,381 Ratings",55 Reviews,"₹14,999","₹12,999"
https://rukminim2.flixcart.com/image/312/312/xif0q/mobile/0/q/d/-original-imagtc4hzawdcp4g.jpeg?q=70,"Apple iPhone 15 Pro (Black Titanium, 1 TB)",4.6,"2,590 Ratings",134 Reviews,"₹1,84,900","₹1,29,999"
https://rukminim2.flixcart.com/image/312/312/xif0q/mobile/d/h/x/pova-6-neo-kl8-tecno-original-imah5g87kcsqt8zj.jpeg?q=70,"Tecno Pova 6 Neo (Aurora Cloud, 256 GB)",4.2,496 Ratings,51 Reviews,"₹16,999","₹13,999"
https://rukminim2.flixcart.com/image/312/312/xif0q/mobile/g/x/h/-original-imagtc3k6zztrhnb.jpeg?q=70,"Apple iPhone 15 Pro Max (Blue Titanium, 1 TB)",4.6,"2,286 Ratings",159 Reviews,"₹1,99,900","₹1,39,999"
https://rukminim2.flixcart.com/image/312/312/xif0q/mobile/s/c/e/-original-imahyhmepafe4bkp.jpeg?q=70,"vivo V30e (Velvet Red, 128 GB)",4.4,"4,755 Ratings",343 Reviews,"₹32,999","₹25,999"
https://rukminim2.flixcart.com/image/312/312/xif0q/mobile/z/n/u/13-5g-2406ern9ci-redmi-original-imah3nrawgphb28p.jpeg?q=70,"REDMI 13 5G (Hawaiian Blue, 128 GB)",4.2,"2,545 Ratings",113 Reviews,"₹19,999","₹13,082"
https://rukminim2.flixcart.com/image/312/312/xif0q/mobile/w/h/d/v30e-v2339-vivo-original-imahyhhmudmxjrm2.jpeg?q=70,"vivo V30e (Silk Blue, 256 GB)",4.4,"4,755 Ratings",343 Reviews,"₹34,999","₹25,779"
https://rukminim2.flixcart.com/image/312/312/xif0q/mobile/p/l/j/-original-imah4mdg83jmzzm4.jpeg?q=70,"POCO X6 5G (Snowstorm White, 256 GB)",4.3,"7,883 Ratings",700 Reviews,"₹26,999","₹19,499"
https://rukminim2.flixcart.com/image/312/312/xif0q/mobile/k/a/l/galaxy-s21-fe-5g-sm-g990bza4ins-samsung-original-imah3gndw9qvwxn4.jpeg?q=70,"Samsung Galaxy S21 FE 5G with Snapdragon 888 (Graphite, 256 GB)",4.3,"1,49,344 Ratings","13,995 Reviews","₹65,000","₹30,900"
